INSERT INTO Provincia (Nombre) VALUES ('Buenos Aires');
INSERT INTO Provincia (Nombre) VALUES ('Catamarca');
INSERT INTO Provincia (Nombre) VALUES ('Cordoba');
INSERT INTO Provincia (Nombre) VALUES ('Entre Rios');
INSERT INTO Provincia (Nombre) VALUES ('La Pampa');
INSERT INTO Provincia (Nombre) VALUES ('Mendoza');
INSERT INTO Provincia (Nombre) VALUES ('San Juan');
INSERT INTO Provincia (Nombre) VALUES ('San Luis');
INSERT INTO Provincia (Nombre) VALUES ('Santa Fe');


INSERT INTO Localidad (Nombre,idProvincia) VALUES ('Achiras', 3);
INSERT INTO Localidad (Nombre,idProvincia) VALUES ('Adelia Maria', 3);
INSERT INTO Localidad (Nombre,idProvincia) VALUES ('Adolfo Van Praet', 5);
INSERT INTO Localidad (Nombre,idProvincia) VALUES ('Alberti', 1);
INSERT INTO Localidad (Nombre,idProvincia) VALUES ('Alcira Estacion Gigena', 3);
INSERT INTO Localidad (Nombre,idProvincia) VALUES ('Alejandro Korn', 1);
INSERT INTO Localidad (Nombre,idProvincia) VALUES ('Alejandro Roca', 3);
INSERT INTO Localidad (Nombre,idProvincia) VALUES ('Alma Fuerte', 3);
INSERT INTO Localidad (Nombre,idProvincia) VALUES ('Alta Italia', 5);
INSERT INTO Localidad (Nombre,idProvincia) VALUES ('Arata', 5);
INSERT INTO Localidad (Nombre,idProvincia) VALUES ('Arizona', 8);
INSERT INTO Localidad (Nombre,idProvincia) VALUES ('Arribeños', 1);
INSERT INTO Localidad (Nombre,idProvincia) VALUES ('Arroyo de la Cruz', 1);
INSERT INTO Localidad (Nombre,idProvincia) VALUES ('Arteaga', 9);
INSERT INTO Localidad (Nombre,idProvincia) VALUES ('Ataliva Roca', 5);
INSERT INTO Localidad (Nombre,idProvincia) VALUES ('Bagual', 8);
INSERT INTO Localidad (Nombre,idProvincia) VALUES ('Bell Ville', 3);
INSERT INTO Localidad (Nombre,idProvincia) VALUES ('Bengolea', 3);
INSERT INTO Localidad (Nombre,idProvincia) VALUES ('Benitez', 1);
INSERT INTO Localidad (Nombre,idProvincia) VALUES ('Bernal Oeste', 1);
INSERT INTO Localidad (Nombre,idProvincia) VALUES ('Berrotaran', 3);
INSERT INTO Localidad (Nombre,idProvincia) VALUES ('Bonifacio', 1);
INSERT INTO Localidad (Nombre,idProvincia) VALUES ('Bowen', 6);
INSERT INTO Localidad (Nombre,idProvincia) VALUES ('Buena Esperanza', 8);
INSERT INTO Localidad (Nombre,idProvincia) VALUES ('Caferata', 9);
INSERT INTO Localidad (Nombre,idProvincia) VALUES ('Caleufu', 5);
INSERT INTO Localidad (Nombre,idProvincia) VALUES ('Camilo Aldao', 3);
INSERT INTO Localidad (Nombre,idProvincia) VALUES ('Campo Los Andes', 6);
INSERT INTO Localidad (Nombre,idProvincia) VALUES ('Carcaraña', 9);
INSERT INTO Localidad (Nombre,idProvincia) VALUES ('Carlos Tejedor', 1);
INSERT INTO Localidad (Nombre,idProvincia) VALUES ('Catrilo', 5);
INSERT INTO Localidad (Nombre,idProvincia) VALUES ('Cañada Seca', 6);
INSERT INTO Localidad (Nombre,idProvincia) VALUES ('Cañuelas', 1);
INSERT INTO Localidad (Nombre,idProvincia) VALUES ('Ceballos', 5);
INSERT INTO Localidad (Nombre,idProvincia) VALUES ('Chalacea', 3);
INSERT INTO Localidad (Nombre,idProvincia) VALUES ('Chivilcoy', 1);
INSERT INTO Localidad (Nombre,idProvincia) VALUES ('Christophersen', 9);
INSERT INTO Localidad (Nombre,idProvincia) VALUES ('City Bell', 1);
INSERT INTO Localidad (Nombre,idProvincia) VALUES ('Colonia Bremen', 3);
INSERT INTO Localidad (Nombre,idProvincia) VALUES ('Colonia Marina', 3);
INSERT INTO Localidad (Nombre,idProvincia) VALUES ('Comandante Granville', 8);
INSERT INTO Localidad (Nombre,idProvincia) VALUES ('Conhelo', 5);
INSERT INTO Localidad (Nombre,idProvincia) VALUES ('Coronel Baigorria', 3);
INSERT INTO Localidad (Nombre,idProvincia) VALUES ('Coronel Hilarios Lagos', 5);
INSERT INTO Localidad (Nombre,idProvincia) VALUES ('Coronel Moldes', 3);
INSERT INTO Localidad (Nombre,idProvincia) VALUES ('Coronel Pringles', 1);
INSERT INTO Localidad (Nombre,idProvincia) VALUES ('Coronel Suarez', 1);
INSERT INTO Localidad (Nombre,idProvincia) VALUES ('Cortaderas', 2);
INSERT INTO Localidad (Nombre,idProvincia) VALUES ('Curti', 1);
INSERT INTO Localidad (Nombre,idProvincia) VALUES ('De la Torres Lisandro', 1);
INSERT INTO Localidad (Nombre,idProvincia) VALUES ('Dean Funes', 3);
INSERT INTO Localidad (Nombre,idProvincia) VALUES ('Del Campillo', 3);
INSERT INTO Localidad (Nombre,idProvincia) VALUES ('Dixonville', 8);
INSERT INTO Localidad (Nombre,idProvincia) VALUES ('Dorila', 5);
INSERT INTO Localidad (Nombre,idProvincia) VALUES ('Eduardo Castex', 5);
INSERT INTO Localidad (Nombre,idProvincia) VALUES ('El Dorado', 1);
INSERT INTO Localidad (Nombre,idProvincia) VALUES ('Embajador Martini', 5);
INSERT INTO Localidad (Nombre,idProvincia) VALUES ('Escobar', 1);
INSERT INTO Localidad (Nombre,idProvincia) VALUES ('Fraga', 8);
INSERT INTO Localidad (Nombre,idProvincia) VALUES ('Francisco Madero', 1);
INSERT INTO Localidad (Nombre,idProvincia) VALUES ('General Acha', 5);
INSERT INTO Localidad (Nombre,idProvincia) VALUES ('General Alvear', 6);
INSERT INTO Localidad (Nombre,idProvincia) VALUES ('General Cabrera', 3);
INSERT INTO Localidad (Nombre,idProvincia) VALUES ('General Deheza', 3);
INSERT INTO Localidad (Nombre,idProvincia) VALUES ('General Gutierrez', 6);
INSERT INTO Localidad (Nombre,idProvincia) VALUES ('General Levalle', 3);
INSERT INTO Localidad (Nombre,idProvincia) VALUES ('General Pacheco', 1);
INSERT INTO Localidad (Nombre,idProvincia) VALUES ('General Pico', 5);
INSERT INTO Localidad (Nombre,idProvincia) VALUES ('General Pinto', 1);
INSERT INTO Localidad (Nombre,idProvincia) VALUES ('General Rodriguez', 1);
INSERT INTO Localidad (Nombre,idProvincia) VALUES ('General San Martin', 3);
INSERT INTO Localidad (Nombre,idProvincia) VALUES ('General San Martin', 6);
INSERT INTO Localidad (Nombre,idProvincia) VALUES ('General Villegas', 1);
INSERT INTO Localidad (Nombre,idProvincia) VALUES ('Gonzalez Catan', 1);
INSERT INTO Localidad (Nombre,idProvincia) VALUES ('Hilario Lagos', 5);
INSERT INTO Localidad (Nombre,idProvincia) VALUES ('Hughes', 9);
INSERT INTO Localidad (Nombre,idProvincia) VALUES ('Huinca Renanco', 3);
INSERT INTO Localidad (Nombre,idProvincia) VALUES ('Ingeniero Luiggi', 5);
INSERT INTO Localidad (Nombre,idProvincia) VALUES ('Inriville', 3);
INSERT INTO Localidad (Nombre,idProvincia) VALUES ('Intendente Alvear', 5);
INSERT INTO Localidad (Nombre,idProvincia) VALUES ('Jachal', 7);
INSERT INTO Localidad (Nombre,idProvincia) VALUES ('Jaime Prats', 6);
INSERT INTO Localidad (Nombre,idProvincia) VALUES ('Joaquin Gorina', 1);
INSERT INTO Localidad (Nombre,idProvincia) VALUES ('Junin', 1);
INSERT INTO Localidad (Nombre,idProvincia) VALUES ('La Adela', 5);
INSERT INTO Localidad (Nombre,idProvincia) VALUES ('La Carlota', 3);
INSERT INTO Localidad (Nombre,idProvincia) VALUES ('La Choza', 1);
INSERT INTO Localidad (Nombre,idProvincia) VALUES ('La Maruja', 5);
INSERT INTO Localidad (Nombre,idProvincia) VALUES ('Laboulaye', 3);
INSERT INTO Localidad (Nombre,idProvincia) VALUES ('Labulaye', 3);
INSERT INTO Localidad (Nombre,idProvincia) VALUES ('Las Gamas', 3);
INSERT INTO Localidad (Nombre,idProvincia) VALUES ('Las Heras', 6);
INSERT INTO Localidad (Nombre,idProvincia) VALUES ('Las Higueras', 3);
INSERT INTO Localidad (Nombre,idProvincia) VALUES ('Las Isletas', 8);
INSERT INTO Localidad (Nombre,idProvincia) VALUES ('Las Perdices', 3);
INSERT INTO Localidad (Nombre,idProvincia) VALUES ('Las Vertientes', 3);
INSERT INTO Localidad (Nombre,idProvincia) VALUES ('Lavalle Villa Tulumaya', 6);
INSERT INTO Localidad (Nombre,idProvincia) VALUES ('Lavalle Villa Tuluya', 6);
INSERT INTO Localidad (Nombre,idProvincia) VALUES ('Leandro N. Alem', 1);
INSERT INTO Localidad (Nombre,idProvincia) VALUES ('Liborio Luna', 8);
INSERT INTO Localidad (Nombre,idProvincia) VALUES ('Liniers', 1);
INSERT INTO Localidad (Nombre,idProvincia) VALUES ('Lobos ', 1);
INSERT INTO Localidad (Nombre,idProvincia) VALUES ('Loma Hermosa', 1);
INSERT INTO Localidad (Nombre,idProvincia) VALUES ('Loma Verde', 1);
INSERT INTO Localidad (Nombre,idProvincia) VALUES ('Los Condores', 3);
INSERT INTO Localidad (Nombre,idProvincia) VALUES ('Los Polvorines', 1);
INSERT INTO Localidad (Nombre,idProvincia) VALUES ('Lote 4', 5);
INSERT INTO Localidad (Nombre,idProvincia) VALUES ('Luan Toro', 5);
INSERT INTO Localidad (Nombre,idProvincia) VALUES ('Lujan', 1);
INSERT INTO Localidad (Nombre,idProvincia) VALUES ('Luzuriaga', 6);
INSERT INTO Localidad (Nombre,idProvincia) VALUES ('Maisonave', 5);
INSERT INTO Localidad (Nombre,idProvincia) VALUES ('Manuel José Garcia', 1);
INSERT INTO Localidad (Nombre,idProvincia) VALUES ('Marayes', 7);
INSERT INTO Localidad (Nombre,idProvincia) VALUES ('Martin de Loyola', 8);
INSERT INTO Localidad (Nombre,idProvincia) VALUES ('Martinez', 1);
INSERT INTO Localidad (Nombre,idProvincia) VALUES ('Maximo Paz', 9);
INSERT INTO Localidad (Nombre,idProvincia) VALUES ('Media Naranja', 3);
INSERT INTO Localidad (Nombre,idProvincia) VALUES ('Mercedes', 1);
INSERT INTO Localidad (Nombre,idProvincia) VALUES ('Mercedes', 8);
INSERT INTO Localidad (Nombre,idProvincia) VALUES ('Monte Coman', 6);
INSERT INTO Localidad (Nombre,idProvincia) VALUES ('Monte Grande', 1);
INSERT INTO Localidad (Nombre,idProvincia) VALUES ('Moreno', 1);
INSERT INTO Localidad (Nombre,idProvincia) VALUES ('Moron', 1);
INSERT INTO Localidad (Nombre,idProvincia) VALUES ('Moximo Paz', 9);
INSERT INTO Localidad (Nombre,idProvincia) VALUES ('Naschel', 8);
INSERT INTO Localidad (Nombre,idProvincia) VALUES ('Nueva Galia', 8);
INSERT INTO Localidad (Nombre,idProvincia) VALUES ('Olivera', 1);
INSERT INTO Localidad (Nombre,idProvincia) VALUES ('Oro Verde', 4);
INSERT INTO Localidad (Nombre,idProvincia) VALUES ('Parera', 5);
INSERT INTO Localidad (Nombre,idProvincia) VALUES ('Perez Millan', 1);
INSERT INTO Localidad (Nombre,idProvincia) VALUES ('Pichi Huinca', 5);
INSERT INTO Localidad (Nombre,idProvincia) VALUES ('Piedritas', 1);
INSERT INTO Localidad (Nombre,idProvincia) VALUES ('Pigue', 1);
INSERT INTO Localidad (Nombre,idProvincia) VALUES ('Pilar', 1);
INSERT INTO Localidad (Nombre,idProvincia) VALUES ('Pocito Aberastain', 7);
INSERT INTO Localidad (Nombre,idProvincia) VALUES ('Poste de Fierro', 6);
INSERT INTO Localidad (Nombre,idProvincia) VALUES ('Puerta Colorada', 3);
INSERT INTO Localidad (Nombre,idProvincia) VALUES ('Quemu Quemu', 5);
INSERT INTO Localidad (Nombre,idProvincia) VALUES ('Quilmes', 1);
INSERT INTO Localidad (Nombre,idProvincia) VALUES ('Rancul', 5);
INSERT INTO Localidad (Nombre,idProvincia) VALUES ('Rawson', 7);
INSERT INTO Localidad (Nombre,idProvincia) VALUES ('Real del Padre', 6);
INSERT INTO Localidad (Nombre,idProvincia) VALUES ('Realico', 5);
INSERT INTO Localidad (Nombre,idProvincia) VALUES ('Relmo', 5);
INSERT INTO Localidad (Nombre,idProvincia) VALUES ('Renca', 8);
INSERT INTO Localidad (Nombre,idProvincia) VALUES ('Rio Cuarto', 3);
INSERT INTO Localidad (Nombre,idProvincia) VALUES ('Roosevelt', 1);
INSERT INTO Localidad (Nombre,idProvincia) VALUES ('Rosario', 9);
INSERT INTO Localidad (Nombre,idProvincia) VALUES ('Rucanelo', 5);
INSERT INTO Localidad (Nombre,idProvincia) VALUES ('Saavedra', 1);
INSERT INTO Localidad (Nombre,idProvincia) VALUES ('Saladillo', 1);
INSERT INTO Localidad (Nombre,idProvincia) VALUES ('Salto Grande', 9);
INSERT INTO Localidad (Nombre,idProvincia) VALUES ('Salto', 1);
INSERT INTO Localidad (Nombre,idProvincia) VALUES ('Sampacho', 3);
INSERT INTO Localidad (Nombre,idProvincia) VALUES ('San Agustin', 3);
INSERT INTO Localidad (Nombre,idProvincia) VALUES ('San Andres de Giles', 1);
INSERT INTO Localidad (Nombre,idProvincia) VALUES ('San Antonio de Areco', 1);
INSERT INTO Localidad (Nombre,idProvincia) VALUES ('San Carlos de Bolivar', 1);
INSERT INTO Localidad (Nombre,idProvincia) VALUES ('San Carlos', 6);
INSERT INTO Localidad (Nombre,idProvincia) VALUES ('San Fernando', 1);
INSERT INTO Localidad (Nombre,idProvincia) VALUES ('San Gregorio', 9);
INSERT INTO Localidad (Nombre,idProvincia) VALUES ('San Isidro', 1);
INSERT INTO Localidad (Nombre,idProvincia) VALUES ('San Martin', 6);
INSERT INTO Localidad (Nombre,idProvincia) VALUES ('San Martin', 8);
INSERT INTO Localidad (Nombre,idProvincia) VALUES ('San Miguel del Monte', 1);
INSERT INTO Localidad (Nombre,idProvincia) VALUES ('San Rafael', 6);
INSERT INTO Localidad (Nombre,idProvincia) VALUES ('Santa Catalina', 3);
INSERT INTO Localidad (Nombre,idProvincia) VALUES ('Santa Isabel', 5);
INSERT INTO Localidad (Nombre,idProvincia) VALUES ('Santa Rosa', 5);
INSERT INTO Localidad (Nombre,idProvincia) VALUES ('Speluzzi', 5);
INSERT INTO Localidad (Nombre,idProvincia) VALUES ('Succo', 3);
INSERT INTO Localidad (Nombre,idProvincia) VALUES ('Toay', 5);
INSERT INTO Localidad (Nombre,idProvincia) VALUES ('Toledo', 3);
INSERT INTO Localidad (Nombre,idProvincia) VALUES ('Tomas M. Anchorena', 5);
INSERT INTO Localidad (Nombre,idProvincia) VALUES ('Tornquist', 1);
INSERT INTO Localidad (Nombre,idProvincia) VALUES ('Trenel', 5);
INSERT INTO Localidad (Nombre,idProvincia) VALUES ('Trenque Lauquen', 1);
INSERT INTO Localidad (Nombre,idProvincia) VALUES ('Tres de Mayo', 6);
INSERT INTO Localidad (Nombre,idProvincia) VALUES ('Tres Lomas', 1);
INSERT INTO Localidad (Nombre,idProvincia) VALUES ('Tunuyan', 6);
INSERT INTO Localidad (Nombre,idProvincia) VALUES ('Union', 8);
INSERT INTO Localidad (Nombre,idProvincia) VALUES ('Uriburu', 5);
INSERT INTO Localidad (Nombre,idProvincia) VALUES ('Vedia', 1);
INSERT INTO Localidad (Nombre,idProvincia) VALUES ('Veronica', 1);
INSERT INTO Localidad (Nombre,idProvincia) VALUES ('Vertiz', 5);
INSERT INTO Localidad (Nombre,idProvincia) VALUES ('Victoria', 1);
INSERT INTO Localidad (Nombre,idProvincia) VALUES ('Victoria', 4);
INSERT INTO Localidad (Nombre,idProvincia) VALUES ('Victorica', 5);
INSERT INTO Localidad (Nombre,idProvincia) VALUES ('Vicuña Mackenna', 3);
INSERT INTO Localidad (Nombre,idProvincia) VALUES ('Villa Atuel', 6);
INSERT INTO Localidad (Nombre,idProvincia) VALUES ('Villa Dolores', 3);
INSERT INTO Localidad (Nombre,idProvincia) VALUES ('Villa Gobernador Galvez', 9);
INSERT INTO Localidad (Nombre,idProvincia) VALUES ('Villa Huidobro', 3);
INSERT INTO Localidad (Nombre,idProvincia) VALUES ('Villa los Corralitos', 6);
INSERT INTO Localidad (Nombre,idProvincia) VALUES ('Villa Rossi', 3);
INSERT INTO Localidad (Nombre,idProvincia) VALUES ('Villa Valeria', 3);
INSERT INTO Localidad (Nombre,idProvincia) VALUES ('Virrey del Pino', 1);
INSERT INTO Localidad (Nombre,idProvincia) VALUES ('Winifreda', 5);



INSERT INTO Establecimiento (Nombre, Partida, Repagro) VALUES ('.', '.', '20121238749');
INSERT INTO Establecimiento (Nombre, Partida, Repagro) VALUES ('.', '.', '20233396193');
INSERT INTO Establecimiento (Nombre, Partida, Repagro) VALUES ('.', '.', '23073552869');
INSERT INTO Establecimiento (Nombre, Partida, Repagro) VALUES ('.', '.', '23278935949');
INSERT INTO Establecimiento (Nombre, Partida, Repagro) VALUES ('.', '.', '30519787632');
INSERT INTO Establecimiento (Nombre, Partida, Repagro) VALUES ('.', '.', '30628624794');
INSERT INTO Establecimiento (Nombre, Partida, Repagro) VALUES ('.', '510213', '30708928441');
INSERT INTO Establecimiento (Nombre, Partida, Repagro) VALUES ('.', '510214', '305717100522119002');
INSERT INTO Establecimiento (Nombre, Partida, Repagro) VALUES ('.', '513202', '200553631972118101');
INSERT INTO Establecimiento (Nombre, Partida, Repagro) VALUES ('.', '515314', '20115091515');
INSERT INTO Establecimiento (Nombre, Partida, Repagro) VALUES ('.', '702791', '20134568764');
INSERT INTO Establecimiento (Nombre, Partida, Repagro) VALUES ('13 de Abril', '608759', '336396699692118001');
INSERT INTO Establecimiento (Nombre, Partida, Repagro) VALUES ('Ago', '513155', '232579633492118004');
INSERT INTO Establecimiento (Nombre, Partida, Repagro) VALUES ('Aguaribay', '513056', '200836776442118001');
INSERT INTO Establecimiento (Nombre, Partida, Repagro) VALUES ('Allpork S.a.', NULL, NULL);
INSERT INTO Establecimiento (Nombre, Partida, Repagro) VALUES ('Alto Verde', '515118', '202165721582118001');
INSERT INTO Establecimiento (Nombre, Partida, Repagro) VALUES ('Ana Maria', NULL, NULL);
INSERT INTO Establecimiento (Nombre, Partida, Repagro) VALUES ('Bellone Adela Regina', NULL, NULL);
INSERT INTO Establecimiento (Nombre, Partida, Repagro) VALUES ('Campo Frattesi', NULL, NULL);
INSERT INTO Establecimiento (Nombre, Partida, Repagro) VALUES ('Campo Linares', NULL, NULL);
INSERT INTO Establecimiento (Nombre, Partida, Repagro) VALUES ('Campo Nuevo', NULL, NULL);
INSERT INTO Establecimiento (Nombre, Partida, Repagro) VALUES ('Chacra 23', NULL, NULL);
INSERT INTO Establecimiento (Nombre, Partida, Repagro) VALUES ('Colonia La Alfalfa', '510290', '307146215602119004');
INSERT INTO Establecimiento (Nombre, Partida, Repagro) VALUES ('Cumeco', '808372', '270586188912118004');
INSERT INTO Establecimiento (Nombre, Partida, Repagro) VALUES ('Don Adolfo', '515330', '306229468112118004');
INSERT INTO Establecimiento (Nombre, Partida, Repagro) VALUES ('Don Alfredo', NULL, NULL);
INSERT INTO Establecimiento (Nombre, Partida, Repagro) VALUES ('Don Alino II', '629504', '271440582622218004');
INSERT INTO Establecimiento (Nombre, Partida, Repagro) VALUES ('Don Angel', NULL, NULL);
INSERT INTO Establecimiento (Nombre, Partida, Repagro) VALUES ('Don Antonio', '515167', '20073615268');
INSERT INTO Establecimiento (Nombre, Partida, Repagro) VALUES ('Don Antonio', '630603', '271326918492118001');
INSERT INTO Establecimiento (Nombre, Partida, Repagro) VALUES ('Don Antonio', '666901', '306180240552118004');
INSERT INTO Establecimiento (Nombre, Partida, Repagro) VALUES ('Don Arturo', NULL, NULL);
INSERT INTO Establecimiento (Nombre, Partida, Repagro) VALUES ('Don Bartolome', NULL, NULL);
INSERT INTO Establecimiento (Nombre, Partida, Repagro) VALUES ('Don Baudillo', NULL, NULL);
INSERT INTO Establecimiento (Nombre, Partida, Repagro) VALUES ('Don Bernardo', '657075', '201121801262518001');
INSERT INTO Establecimiento (Nombre, Partida, Repagro) VALUES ('Don Cacho', NULL, NULL);
INSERT INTO Establecimiento (Nombre, Partida, Repagro) VALUES ('Don Chiche', NULL, NULL);
INSERT INTO Establecimiento (Nombre, Partida, Repagro) VALUES ('Don Domingo', '629506', '20183917332118000');
INSERT INTO Establecimiento (Nombre, Partida, Repagro) VALUES ('Don Domingo', '629506', '27267818008');
INSERT INTO Establecimiento (Nombre, Partida, Repagro) VALUES ('Don Eduardo', '515164', '270461144212218004');
INSERT INTO Establecimiento (Nombre, Partida, Repagro) VALUES ('Don Eduardo', '515164', '271172251142118004');
INSERT INTO Establecimiento (Nombre, Partida, Repagro) VALUES ('Don Eduardo', '515164', '307142981582118001');
INSERT INTO Establecimiento (Nombre, Partida, Repagro) VALUES ('Don Ernesto', '510221', '20179599369');
INSERT INTO Establecimiento (Nombre, Partida, Repagro) VALUES ('Don Esteban', NULL, NULL);
INSERT INTO Establecimiento (Nombre, Partida, Repagro) VALUES ('Don Eugenio', '750555', '270487789982119001');
INSERT INTO Establecimiento (Nombre, Partida, Repagro) VALUES ('Don Fidel', '590501', '200735124422119001');
INSERT INTO Establecimiento (Nombre, Partida, Repagro) VALUES ('Don Fidel', '590501', '270429879862119001');
INSERT INTO Establecimiento (Nombre, Partida, Repagro) VALUES ('Don Fidel', '590501', '2709841909');
INSERT INTO Establecimiento (Nombre, Partida, Repagro) VALUES ('Don Hilario', NULL, NULL);
INSERT INTO Establecimiento (Nombre, Partida, Repagro) VALUES ('Don Jorge', '513023', '201284638962118004');
INSERT INTO Establecimiento (Nombre, Partida, Repagro) VALUES ('Don Jose', '514231', '201719723622118001');
INSERT INTO Establecimiento (Nombre, Partida, Repagro) VALUES ('Don José', '590457', '306320931082119004');
INSERT INTO Establecimiento (Nombre, Partida, Repagro) VALUES ('Don Juan - El Coraje', '514943', '27048778947');
INSERT INTO Establecimiento (Nombre, Partida, Repagro) VALUES ('Don Juan - El Coraje', NULL, NULL);
INSERT INTO Establecimiento (Nombre, Partida, Repagro) VALUES ('Don Juan', '514561', '200736444892119001');
INSERT INTO Establecimiento (Nombre, Partida, Repagro) VALUES ('Don Juan', '514563', '202661046862119001');
INSERT INTO Establecimiento (Nombre, Partida, Repagro) VALUES ('Don Juan', '515731', '202337829802121004');
INSERT INTO Establecimiento (Nombre, Partida, Repagro) VALUES ('Don Juan', NULL, NULL);
INSERT INTO Establecimiento (Nombre, Partida, Repagro) VALUES ('Don Julian', '515155', '20049569387');
INSERT INTO Establecimiento (Nombre, Partida, Repagro) VALUES ('Don Julian', NULL, NULL);
INSERT INTO Establecimiento (Nombre, Partida, Repagro) VALUES ('Don Luis', '514929', '200736669702118001');
INSERT INTO Establecimiento (Nombre, Partida, Repagro) VALUES ('Don Luis', '514929', '202633456822118100');
INSERT INTO Establecimiento (Nombre, Partida, Repagro) VALUES ('Don Luis', '590405', '30707931716');
INSERT INTO Establecimiento (Nombre, Partida, Repagro) VALUES ('Don Luis', '629509', '201850920982118004');
INSERT INTO Establecimiento (Nombre, Partida, Repagro) VALUES ('Don Luis', '695159', '200735339892118100');
INSERT INTO Establecimiento (Nombre, Partida, Repagro) VALUES ('Don Luis', '695159', '201212493922118004');
INSERT INTO Establecimiento (Nombre, Partida, Repagro) VALUES ('Don Mateo', NULL, NULL);
INSERT INTO Establecimiento (Nombre, Partida, Repagro) VALUES ('Don Miguel', NULL, NULL);
INSERT INTO Establecimiento (Nombre, Partida, Repagro) VALUES ('Don Modesto', '513074', '27166182498');
INSERT INTO Establecimiento (Nombre, Partida, Repagro) VALUES ('Don Modesto', '513867', '200736152412118004');
INSERT INTO Establecimiento (Nombre, Partida, Repagro) VALUES ('Don Modesto', '513867', '270461144212118100');
INSERT INTO Establecimiento (Nombre, Partida, Repagro) VALUES ('Don Pablo', '513041', '202322870722118001');
INSERT INTO Establecimiento (Nombre, Partida, Repagro) VALUES ('Don Pablo', NULL, NULL);
INSERT INTO Establecimiento (Nombre, Partida, Repagro) VALUES ('Don Paco', NULL, NULL);
INSERT INTO Establecimiento (Nombre, Partida, Repagro) VALUES ('Don Pancho', NULL, NULL);
INSERT INTO Establecimiento (Nombre, Partida, Repagro) VALUES ('Don Pepe', '590387', '27137938958');
INSERT INTO Establecimiento (Nombre, Partida, Repagro) VALUES ('Don Poroto', '514281', '201005473342119007');
INSERT INTO Establecimiento (Nombre, Partida, Repagro) VALUES ('Don Poroto', '514281', '30694867517');
INSERT INTO Establecimiento (Nombre, Partida, Repagro) VALUES ('Don Quico', NULL, NULL);
INSERT INTO Establecimiento (Nombre, Partida, Repagro) VALUES ('Don Ramón', NULL, NULL);
INSERT INTO Establecimiento (Nombre, Partida, Repagro) VALUES ('Don Roberto', '515277', '200526690072118100');
INSERT INTO Establecimiento (Nombre, Partida, Repagro) VALUES ('Don Roberto', '515277', '200735623932118004');
INSERT INTO Establecimiento (Nombre, Partida, Repagro) VALUES ('Don Roberto', '515277', '202047867802118001');
INSERT INTO Establecimiento (Nombre, Partida, Repagro) VALUES ('Don Segundo', '513131', '201078995462118004');
INSERT INTO Establecimiento (Nombre, Partida, Repagro) VALUES ('Don Segundo', '513131', '27103425854');
INSERT INTO Establecimiento (Nombre, Partida, Repagro) VALUES ('Don Segundo', '696361', '201379382602118001');
INSERT INTO Establecimiento (Nombre, Partida, Repagro) VALUES ('Don Zoilo', '510459', '20052676453');
INSERT INTO Establecimiento (Nombre, Partida, Repagro) VALUES ('Don Zoilo', '510459', '271497633632119004');
INSERT INTO Establecimiento (Nombre, Partida, Repagro) VALUES ('Doña Benita', '638811', '200736151012119001');
INSERT INTO Establecimiento (Nombre, Partida, Repagro) VALUES ('Doña Elza', '515722', '270586186702121001');
INSERT INTO Establecimiento (Nombre, Partida, Repagro) VALUES ('Doña Luisa', '515264', '200423722512118001');
INSERT INTO Establecimiento (Nombre, Partida, Repagro) VALUES ('Doña Rosa', '510235', '20076646199');
INSERT INTO Establecimiento (Nombre, Partida, Repagro) VALUES ('Ec-campo Ballester', NULL, NULL);
INSERT INTO Establecimiento (Nombre, Partida, Repagro) VALUES ('Eguanaco', '510248', '30659276271');
INSERT INTO Establecimiento (Nombre, Partida, Repagro) VALUES ('Eguanaco', '510325', '27044648321');
INSERT INTO Establecimiento (Nombre, Partida, Repagro) VALUES ('El ', NULL, NULL);
INSERT INTO Establecimiento (Nombre, Partida, Repagro) VALUES ('EL 13', '640323', '270098416662119004');
INSERT INTO Establecimiento (Nombre, Partida, Repagro) VALUES ('EL 17', '514927', '200736561502118004');
INSERT INTO Establecimiento (Nombre, Partida, Repagro) VALUES ('El 17', '514928', '201440589262118002');
INSERT INTO Establecimiento (Nombre, Partida, Repagro) VALUES ('EL 18', '514955', '33520308089');
INSERT INTO Establecimiento (Nombre, Partida, Repagro) VALUES ('EL 23', '512973', '20073689075');
INSERT INTO Establecimiento (Nombre, Partida, Repagro) VALUES ('EL 23', '629510', '200526764532118004');
INSERT INTO Establecimiento (Nombre, Partida, Repagro) VALUES ('EL 23', '800368', '202861870302118004');
INSERT INTO Establecimiento (Nombre, Partida, Repagro) VALUES ('EL 23', '800368', '230586184542118100');
INSERT INTO Establecimiento (Nombre, Partida, Repagro) VALUES ('El 25', '513202', '30708666374');
INSERT INTO Establecimiento (Nombre, Partida, Repagro) VALUES ('El 25 Los Galpones', '692448', '200526763482118001');
INSERT INTO Establecimiento (Nombre, Partida, Repagro) VALUES ('El 25 Los Galpones', '753281', '201034255822118004');
INSERT INTO Establecimiento (Nombre, Partida, Repagro) VALUES ('El 25', '513202', '335806949992118004');
INSERT INTO Establecimiento (Nombre, Partida, Repagro) VALUES ('El Aguaras', NULL, NULL);
INSERT INTO Establecimiento (Nombre, Partida, Repagro) VALUES ('El Alfalfar', '510292', '201244295882119004');
INSERT INTO Establecimiento (Nombre, Partida, Repagro) VALUES ('El Alfalfar', '510292', '20315242959');
INSERT INTO Establecimiento (Nombre, Partida, Repagro) VALUES ('El Alpatacal', NULL, NULL);
INSERT INTO Establecimiento (Nombre, Partida, Repagro) VALUES ('El Amanecer II', '696361', '3071481172621180100');
INSERT INTO Establecimiento (Nombre, Partida, Repagro) VALUES ('El Amanecer', '515718', '306320931082121004');
INSERT INTO Establecimiento (Nombre, Partida, Repagro) VALUES ('El Anibal', NULL, NULL);
INSERT INTO Establecimiento (Nombre, Partida, Repagro) VALUES ('El Betin', NULL, NULL);
INSERT INTO Establecimiento (Nombre, Partida, Repagro) VALUES ('El Boliche', '515505', '201134521622118001');
INSERT INTO Establecimiento (Nombre, Partida, Repagro) VALUES ('El Buen Pastor', NULL, NULL);
INSERT INTO Establecimiento (Nombre, Partida, Repagro) VALUES ('El Calden Campo De Acopio', NULL, NULL);
INSERT INTO Establecimiento (Nombre, Partida, Repagro) VALUES ('El Calden', '514935', '20218705236');
INSERT INTO Establecimiento (Nombre, Partida, Repagro) VALUES ('El Calden', '515195', '201661818612118004');
INSERT INTO Establecimiento (Nombre, Partida, Repagro) VALUES ('El Calden', '515195', '307125110242118001');
INSERT INTO Establecimiento (Nombre, Partida, Repagro) VALUES ('El Calden', '515197', '203628480252118004');
INSERT INTO Establecimiento (Nombre, Partida, Repagro) VALUES ('El Caldillo', NULL, NULL);
INSERT INTO Establecimiento (Nombre, Partida, Repagro) VALUES ('El Cantina', NULL, NULL);
INSERT INTO Establecimiento (Nombre, Partida, Repagro) VALUES ('El Cayasta', NULL, NULL);
INSERT INTO Establecimiento (Nombre, Partida, Repagro) VALUES ('El Cañadon', '510487', '200736541582119001');
INSERT INTO Establecimiento (Nombre, Partida, Repagro) VALUES ('El Cencerro', '515742', '201719722302121000');
INSERT INTO Establecimiento (Nombre, Partida, Repagro) VALUES ('El Chaja', '510232', '201440593882119004');
INSERT INTO Establecimiento (Nombre, Partida, Repagro) VALUES ('El Chalo', '515265', '200736151952118001');
INSERT INTO Establecimiento (Nombre, Partida, Repagro) VALUES ('El Chaparral', '622259', '200526727332118001');
INSERT INTO Establecimiento (Nombre, Partida, Repagro) VALUES ('El Chañar', '513074', '307120665002118001');
INSERT INTO Establecimiento (Nombre, Partida, Repagro) VALUES ('El Descanso', '514929', '20073531765');
INSERT INTO Establecimiento (Nombre, Partida, Repagro) VALUES ('El Descanso', '514929', '27041524532');
INSERT INTO Establecimiento (Nombre, Partida, Repagro) VALUES ('El Destino', NULL, NULL);
INSERT INTO Establecimiento (Nombre, Partida, Repagro) VALUES ('El Encerrado', NULL, NULL);
INSERT INTO Establecimiento (Nombre, Partida, Repagro) VALUES ('El Entreriano', NULL, NULL);
INSERT INTO Establecimiento (Nombre, Partida, Repagro) VALUES ('El Guanaco', '510251', '307100480412119004');
INSERT INTO Establecimiento (Nombre, Partida, Repagro) VALUES ('El Guanaco', '510257', '202415892352119004');
INSERT INTO Establecimiento (Nombre, Partida, Repagro) VALUES ('El Guanaco', '510325', '202083024272119001');
INSERT INTO Establecimiento (Nombre, Partida, Repagro) VALUES ('El Guri', NULL, NULL);
INSERT INTO Establecimiento (Nombre, Partida, Repagro) VALUES ('El Hueso Blanco', '590191', '201648167382119002');
INSERT INTO Establecimiento (Nombre, Partida, Repagro) VALUES ('El Inca', 'B4-A4', '230733923492118001');
INSERT INTO Establecimiento (Nombre, Partida, Repagro) VALUES ('El Lobizon', '513196', '201134522782118004');
INSERT INTO Establecimiento (Nombre, Partida, Repagro) VALUES ('El Lobizon', '513196', '203160088882118001');
INSERT INTO Establecimiento (Nombre, Partida, Repagro) VALUES ('El Matadero', '.', '20073615276');
INSERT INTO Establecimiento (Nombre, Partida, Repagro) VALUES ('El Medano', NULL, NULL);
INSERT INTO Establecimiento (Nombre, Partida, Repagro) VALUES ('El Mocho', '638808', '200735529912119001');
INSERT INTO Establecimiento (Nombre, Partida, Repagro) VALUES ('El Naju', '513050', '30671625362');
INSERT INTO Establecimiento (Nombre, Partida, Repagro) VALUES ('El Olivo', NULL, NULL);
INSERT INTO Establecimiento (Nombre, Partida, Repagro) VALUES ('El Pago Chico', '590490', '203036049962119004');
INSERT INTO Establecimiento (Nombre, Partida, Repagro) VALUES ('El Parque', NULL, NULL);
INSERT INTO Establecimiento (Nombre, Partida, Repagro) VALUES ('El Peludo', '750572', '201440589262119004');
INSERT INTO Establecimiento (Nombre, Partida, Repagro) VALUES ('El Pobre', NULL, NULL);
INSERT INTO Establecimiento (Nombre, Partida, Repagro) VALUES ('El Porteño', '515434', '201648167382118100');
INSERT INTO Establecimiento (Nombre, Partida, Repagro) VALUES ('El Porteño', '515434', '307092416792118004');
INSERT INTO Establecimiento (Nombre, Partida, Repagro) VALUES ('El Porvenir', '512999', '200735239242118004');
INSERT INTO Establecimiento (Nombre, Partida, Repagro) VALUES ('El Principio', '640249', '209233117002118004');
INSERT INTO Establecimiento (Nombre, Partida, Repagro) VALUES ('El Puesto', NULL, NULL);
INSERT INTO Establecimiento (Nombre, Partida, Repagro) VALUES ('El Puna', '515168', '203742120292118001');
INSERT INTO Establecimiento (Nombre, Partida, Repagro) VALUES ('El Puna', '515168', '209233117002118004');
INSERT INTO Establecimiento (Nombre, Partida, Repagro) VALUES ('El Puna', '515168', '307074820752118004');
INSERT INTO Establecimiento (Nombre, Partida, Repagro) VALUES ('EL PUNTANO', '590432', '202861870732119004');
INSERT INTO Establecimiento (Nombre, Partida, Repagro) VALUES ('EL RANCHO', '515318', '200736444892118007');
INSERT INTO Establecimiento (Nombre, Partida, Repagro) VALUES ('EL RANCHO', '515318', '202661046862118007');
INSERT INTO Establecimiento (Nombre, Partida, Repagro) VALUES ('El Ranquel', NULL, NULL);
INSERT INTO Establecimiento (Nombre, Partida, Repagro) VALUES ('El Refugio', '512934', '27162133204');
INSERT INTO Establecimiento (Nombre, Partida, Repagro) VALUES ('El Refugio', '512934', '27174477200');
INSERT INTO Establecimiento (Nombre, Partida, Repagro) VALUES ('El Refugio', '512934', '27230401301');
INSERT INTO Establecimiento (Nombre, Partida, Repagro) VALUES ('El Retiro', NULL, NULL);
INSERT INTO Establecimiento (Nombre, Partida, Repagro) VALUES ('El Silencio', '514662', '270487789472118004');
INSERT INTO Establecimiento (Nombre, Partida, Repagro) VALUES ('El Sin Rumbro', '.', '20073495297');
INSERT INTO Establecimiento (Nombre, Partida, Repagro) VALUES ('El Tala', '514633', '201470652732118001');
INSERT INTO Establecimiento (Nombre, Partida, Repagro) VALUES ('EL Tala', '631662', '23073615089');
INSERT INTO Establecimiento (Nombre, Partida, Repagro) VALUES ('El Talita', '.', '200794433882118001');
INSERT INTO Establecimiento (Nombre, Partida, Repagro) VALUES ('El Trebol', '590359', '200553631972119001');
INSERT INTO Establecimiento (Nombre, Partida, Repagro) VALUES ('El Trece', '513901', '20066492207');
INSERT INTO Establecimiento (Nombre, Partida, Repagro) VALUES ('El Trece', '513901', '202506346852119007');
INSERT INTO Establecimiento (Nombre, Partida, Repagro) VALUES ('El Trece', '513901', '307146215602119004');
INSERT INTO Establecimiento (Nombre, Partida, Repagro) VALUES ('El veinte', '510216', '307157176852119001');
INSERT INTO Establecimiento (Nombre, Partida, Repagro) VALUES ('El veinte', '510227', '307153018612119001');
INSERT INTO Establecimiento (Nombre, Partida, Repagro) VALUES ('El Verdin', NULL, NULL);
INSERT INTO Establecimiento (Nombre, Partida, Repagro) VALUES ('El Zorrino Alegre', '590419', '201719721172119001');
INSERT INTO Establecimiento (Nombre, Partida, Repagro) VALUES ('El Ñandu', '513299', '305114160232118004');
INSERT INTO Establecimiento (Nombre, Partida, Repagro) VALUES ('ElVeinte', '510216', '20103425582');
INSERT INTO Establecimiento (Nombre, Partida, Repagro) VALUES ('ESCUELA 30', '691579', '202098799222118004');
INSERT INTO Establecimiento (Nombre, Partida, Repagro) VALUES ('Escuela 30', '691579', '271713810162118100');
INSERT INTO Establecimiento (Nombre, Partida, Repagro) VALUES ('Est. Don Esteban', NULL, NULL);
INSERT INTO Establecimiento (Nombre, Partida, Repagro) VALUES ('Est.El Tala', '631662', '232338844992118007');
INSERT INTO Establecimiento (Nombre, Partida, Repagro) VALUES ('Estancia Cañada Verde', NULL, NULL);
INSERT INTO Establecimiento (Nombre, Partida, Repagro) VALUES ('Facundo', '714925', '202566822662118001');
INSERT INTO Establecimiento (Nombre, Partida, Repagro) VALUES ('Faena', NULL, NULL);
INSERT INTO Establecimiento (Nombre, Partida, Repagro) VALUES ('Feed Lot Santa Clara', NULL, NULL);
INSERT INTO Establecimiento (Nombre, Partida, Repagro) VALUES ('Feyentulen', '692449', '27045039523');
INSERT INTO Establecimiento (Nombre, Partida, Repagro) VALUES ('Finca Santa Teresa', NULL, NULL);
INSERT INTO Establecimiento (Nombre, Partida, Repagro) VALUES ('Firg.', NULL, NULL);
INSERT INTO Establecimiento (Nombre, Partida, Repagro) VALUES ('Francisco R', NULL, NULL);
INSERT INTO Establecimiento (Nombre, Partida, Repagro) VALUES ('Frente Al Aguila', NULL, NULL);
INSERT INTO Establecimiento (Nombre, Partida, Repagro) VALUES ('Frigorifico Gorina', NULL, NULL);
INSERT INTO Establecimiento (Nombre, Partida, Repagro) VALUES ('Frigorifico Regional Vildoza', NULL, NULL);
INSERT INTO Establecimiento (Nombre, Partida, Repagro) VALUES ('Frigorifico', NULL, NULL);
INSERT INTO Establecimiento (Nombre, Partida, Repagro) VALUES ('Gral.pico', NULL, NULL);
INSERT INTO Establecimiento (Nombre, Partida, Repagro) VALUES ('Guillermo Huarte S.a.', NULL, NULL);
INSERT INTO Establecimiento (Nombre, Partida, Repagro) VALUES ('Hipodromo San Isidro', NULL, NULL);
INSERT INTO Establecimiento (Nombre, Partida, Repagro) VALUES ('Huancu', NULL, NULL);
INSERT INTO Establecimiento (Nombre, Partida, Repagro) VALUES ('Huitru-Co', '512969', '20066492207');
INSERT INTO Establecimiento (Nombre, Partida, Repagro) VALUES ('Huitru-Co', '512969', '307146215603518004');
INSERT INTO Establecimiento (Nombre, Partida, Repagro) VALUES ('Invernada', NULL, NULL);
INSERT INTO Establecimiento (Nombre, Partida, Repagro) VALUES ('Juan Pablo Segundo', '711264', '200736153812118001');
INSERT INTO Establecimiento (Nombre, Partida, Repagro) VALUES ('Korky S.A.', NULL, NULL);
INSERT INTO Establecimiento (Nombre, Partida, Repagro) VALUES ('La Afirmación', NULL, NULL);
INSERT INTO Establecimiento (Nombre, Partida, Repagro) VALUES ('La Alfalfa', '510318', '20054743719');
INSERT INTO Establecimiento (Nombre, Partida, Repagro) VALUES ('La Alfalfa', '510318', '20224281723');
INSERT INTO Establecimiento (Nombre, Partida, Repagro) VALUES ('La Alfalfa', '510318', '231719722642119001');
INSERT INTO Establecimiento (Nombre, Partida, Repagro) VALUES ('La Anita', '590193', '200736152762119001');
INSERT INTO Establecimiento (Nombre, Partida, Repagro) VALUES ('La Antonia', '590447', '306492505922119001');
INSERT INTO Establecimiento (Nombre, Partida, Repagro) VALUES ('La Aurora ', NULL, NULL);
INSERT INTO Establecimiento (Nombre, Partida, Repagro) VALUES ('La Aurora-La Elina', '515314', '200736541582118002');
INSERT INTO Establecimiento (Nombre, Partida, Repagro) VALUES ('La Aurora-La Elina', NULL, NULL);
INSERT INTO Establecimiento (Nombre, Partida, Repagro) VALUES ('La Blanca', NULL, NULL);
INSERT INTO Establecimiento (Nombre, Partida, Repagro) VALUES ('La Blanqueada', NULL, NULL);
INSERT INTO Establecimiento (Nombre, Partida, Repagro) VALUES ('La Blanquita', '512997', '201062860602118001');
INSERT INTO Establecimiento (Nombre, Partida, Repagro) VALUES ('La Carolina', '513044', '337123447392118001');
INSERT INTO Establecimiento (Nombre, Partida, Repagro) VALUES ('La Carolina', '514927', '201793786642118001');
INSERT INTO Establecimiento (Nombre, Partida, Repagro) VALUES ('La Carolina', '514927', '271787358912118000');
INSERT INTO Establecimiento (Nombre, Partida, Repagro) VALUES ('La Casualidad', '510472', '272444319472119001');
INSERT INTO Establecimiento (Nombre, Partida, Repagro) VALUES ('La Casualidad', '590445', '202338843412119004');
INSERT INTO Establecimiento (Nombre, Partida, Repagro) VALUES ('La Catalina', NULL, NULL);
INSERT INTO Establecimiento (Nombre, Partida, Repagro) VALUES ('La Chacra', '590155', '306392177592119001');
INSERT INTO Establecimiento (Nombre, Partida, Repagro) VALUES ('La Chilca Y El Pascual II', NULL, NULL);
INSERT INTO Establecimiento (Nombre, Partida, Repagro) VALUES ('La Claridad', '726148', '306482698772118004');
INSERT INTO Establecimiento (Nombre, Partida, Repagro) VALUES ('La Cuca', NULL, NULL);
INSERT INTO Establecimiento (Nombre, Partida, Repagro) VALUES ('La Emma', NULL, NULL);
INSERT INTO Establecimiento (Nombre, Partida, Repagro) VALUES ('La Ercilia', '510477', '20122118739');
INSERT INTO Establecimiento (Nombre, Partida, Repagro) VALUES ('La Ercilia', '510477', '201379384572119004');
INSERT INTO Establecimiento (Nombre, Partida, Repagro) VALUES ('La Esmeralda', '510231', '201078998212119004');
INSERT INTO Establecimiento (Nombre, Partida, Repagro) VALUES ('La Esmeralda', '510231', '307120665002119100');
INSERT INTO Establecimiento (Nombre, Partida, Repagro) VALUES ('LA Esperanza', '512994', '20182254631');
INSERT INTO Establecimiento (Nombre, Partida, Repagro) VALUES ('La Familia', '590484', '202633459762119004');
INSERT INTO Establecimiento (Nombre, Partida, Repagro) VALUES ('La Galesa', NULL, NULL);
INSERT INTO Establecimiento (Nombre, Partida, Repagro) VALUES ('La Gloria', '510230', '200736935952119001');
INSERT INTO Establecimiento (Nombre, Partida, Repagro) VALUES ('La Gloria', '510230', '203115222492119001');
INSERT INTO Establecimiento (Nombre, Partida, Repagro) VALUES ('La Guenita', '515733', '200736152412121004');
INSERT INTO Establecimiento (Nombre, Partida, Repagro) VALUES ('LA Guenita', '515733', '270461144212121004');
INSERT INTO Establecimiento (Nombre, Partida, Repagro) VALUES ('La Hilda', NULL, '20184262801');
INSERT INTO Establecimiento (Nombre, Partida, Repagro) VALUES ('La Huella', '714924', '200736150632118004');
INSERT INTO Establecimiento (Nombre, Partida, Repagro) VALUES ('La Inesita', NULL, NULL);
INSERT INTO Establecimiento (Nombre, Partida, Repagro) VALUES ('La Isleta', '514661', '270098417202118001');
INSERT INTO Establecimiento (Nombre, Partida, Repagro) VALUES ('La Isleta', '515194', '272068430692118004');
INSERT INTO Establecimiento (Nombre, Partida, Repagro) VALUES ('La Lata', NULL, NULL);
INSERT INTO Establecimiento (Nombre, Partida, Repagro) VALUES ('La Lluvia', NULL, NULL);
INSERT INTO Establecimiento (Nombre, Partida, Repagro) VALUES ('La Loma', '515355', '201842628010818001');
INSERT INTO Establecimiento (Nombre, Partida, Repagro) VALUES ('La Loma', '605271', '20054743719');
INSERT INTO Establecimiento (Nombre, Partida, Repagro) VALUES ('La Loma', '605271', '20224281723');
INSERT INTO Establecimiento (Nombre, Partida, Repagro) VALUES ('La Loma', '605271', '231719722642118004');
INSERT INTO Establecimiento (Nombre, Partida, Repagro) VALUES ('La Loma-La Rica', '608760', '306180240552118004');
INSERT INTO Establecimiento (Nombre, Partida, Repagro) VALUES ('La Lucha', '608263', '200663143922118100');
INSERT INTO Establecimiento (Nombre, Partida, Repagro) VALUES ('La Lucha', '608263', '2010368000021180001');
INSERT INTO Establecimiento (Nombre, Partida, Repagro) VALUES ('La Lucila', NULL, NULL);
INSERT INTO Establecimiento (Nombre, Partida, Repagro) VALUES ('La Lucy', '513868', '200860505452118004');
INSERT INTO Establecimiento (Nombre, Partida, Repagro) VALUES ('La Margarita', '590222', '230526765092119001');
INSERT INTO Establecimiento (Nombre, Partida, Repagro) VALUES ('La Mariela', '696359', '30710421370');
INSERT INTO Establecimiento (Nombre, Partida, Repagro) VALUES ('La Mariela', '696360', '200526764532118004');
INSERT INTO Establecimiento (Nombre, Partida, Repagro) VALUES ('La Mariela', '696360', '202557867182118001');
INSERT INTO Establecimiento (Nombre, Partida, Repagro) VALUES ('La Marolera', '513198', '201822546662118004');
INSERT INTO Establecimiento (Nombre, Partida, Repagro) VALUES ('La María Luisa', '626538', '20112180126');
INSERT INTO Establecimiento (Nombre, Partida, Repagro) VALUES ('La María', NULL, NULL);
INSERT INTO Establecimiento (Nombre, Partida, Repagro) VALUES ('La Merced', NULL, NULL);
INSERT INTO Establecimiento (Nombre, Partida, Repagro) VALUES ('La Merced-Feed Lot', NULL, NULL);
INSERT INTO Establecimiento (Nombre, Partida, Repagro) VALUES ('La Morenita', NULL, NULL);
INSERT INTO Establecimiento (Nombre, Partida, Repagro) VALUES ('La Nargarita', NULL, NULL);
INSERT INTO Establecimiento (Nombre, Partida, Repagro) VALUES ('La Nieca', NULL, NULL);
INSERT INTO Establecimiento (Nombre, Partida, Repagro) VALUES ('La Nilda', '515165', '27043849951');
INSERT INTO Establecimiento (Nombre, Partida, Repagro) VALUES ('La Octavia', NULL, NULL);
INSERT INTO Establecimiento (Nombre, Partida, Repagro) VALUES ('La Oculta', '513172', '200736560372118001');
INSERT INTO Establecimiento (Nombre, Partida, Repagro) VALUES ('La Odesa', '512940', '20180538187');
INSERT INTO Establecimiento (Nombre, Partida, Repagro) VALUES ('La Odesa', '512940', '271618959922118004');
INSERT INTO Establecimiento (Nombre, Partida, Repagro) VALUES ('La Paloma', NULL, NULL);
INSERT INTO Establecimiento (Nombre, Partida, Repagro) VALUES ('La Pampeana II', '590452', '20257830722');
INSERT INTO Establecimiento (Nombre, Partida, Repagro) VALUES ('La Pampeana II', '590452', '203104503252119008');
INSERT INTO Establecimiento (Nombre, Partida, Repagro) VALUES ('La Pampeana', '590452', '20080104848');
INSERT INTO Establecimiento (Nombre, Partida, Repagro) VALUES ('La Pampeana', '590452', '201379093252119001');
INSERT INTO Establecimiento (Nombre, Partida, Repagro) VALUES ('La Pampeana', '590452', '20248611368');
INSERT INTO Establecimiento (Nombre, Partida, Repagro) VALUES ('La Pava', '515914', '30710758510');
INSERT INTO Establecimiento (Nombre, Partida, Repagro) VALUES ('La Pelada', '513075', '270586182472118001');
INSERT INTO Establecimiento (Nombre, Partida, Repagro) VALUES ('La Pelada', '694187', '200526764102118002');
INSERT INTO Establecimiento (Nombre, Partida, Repagro) VALUES ('La Pelada', '694187', '271212498852118002');
INSERT INTO Establecimiento (Nombre, Partida, Repagro) VALUES ('La Perseverancia', NULL, NULL);
INSERT INTO Establecimiento (Nombre, Partida, Repagro) VALUES ('La Ponderosa II ', '622819', '202703845102118001');
INSERT INTO Establecimiento (Nombre, Partida, Repagro) VALUES ('La Ponderosa II ', '622819', '20310399737');
INSERT INTO Establecimiento (Nombre, Partida, Repagro) VALUES ('La Ponderosa III', '630067', '3071481172621180100');
INSERT INTO Establecimiento (Nombre, Partida, Repagro) VALUES ('La Primavera', NULL, NULL);
INSERT INTO Establecimiento (Nombre, Partida, Repagro) VALUES ('La Querencia', '590408', '200733338902119004');
INSERT INTO Establecimiento (Nombre, Partida, Repagro) VALUES ('La Querencia', '590408', '271301092632119001');
INSERT INTO Establecimiento (Nombre, Partida, Repagro) VALUES ('La Reacción', '515169', '306948767962118004');
INSERT INTO Establecimiento (Nombre, Partida, Repagro) VALUES ('La Rinconada', NULL, NULL);
INSERT INTO Establecimiento (Nombre, Partida, Repagro) VALUES ('La Suerte', '515315', '307145454062118001');
INSERT INTO Establecimiento (Nombre, Partida, Repagro) VALUES ('La Teresa', '512976', '201078995462118004');
INSERT INTO Establecimiento (Nombre, Partida, Repagro) VALUES ('La Teresa', '513056', '272068430692118001');
INSERT INTO Establecimiento (Nombre, Partida, Repagro) VALUES ('La Violeta', NULL, NULL);
INSERT INTO Establecimiento (Nombre, Partida, Repagro) VALUES ('La Virginia', '512921', '20050527639');
INSERT INTO Establecimiento (Nombre, Partida, Repagro) VALUES ('Las Barranquitas', '633121', '306716253622118004');
INSERT INTO Establecimiento (Nombre, Partida, Repagro) VALUES ('Las Chacras', NULL, NULL);
INSERT INTO Establecimiento (Nombre, Partida, Repagro) VALUES ('Las Chuñas', NULL, NULL);
INSERT INTO Establecimiento (Nombre, Partida, Repagro) VALUES ('Las Dos Hermanas', NULL, NULL);
INSERT INTO Establecimiento (Nombre, Partida, Repagro) VALUES ('Las Dos Palmeras', '590341', '20172066098');
INSERT INTO Establecimiento (Nombre, Partida, Repagro) VALUES ('Las Gamas', NULL, NULL);
INSERT INTO Establecimiento (Nombre, Partida, Repagro) VALUES ('Las Martinetas IV', NULL, NULL);
INSERT INTO Establecimiento (Nombre, Partida, Repagro) VALUES ('Las Mellizas', NULL, NULL);
INSERT INTO Establecimiento (Nombre, Partida, Repagro) VALUES ('Las Moras', '510259', '201172250472119004');
INSERT INTO Establecimiento (Nombre, Partida, Repagro) VALUES ('Las Nazarenas', NULL, NULL);
INSERT INTO Establecimiento (Nombre, Partida, Repagro) VALUES ('Las Palmas', '590439', '201440589262119004');
INSERT INTO Establecimiento (Nombre, Partida, Repagro) VALUES ('Las Palmeras', NULL, NULL);
INSERT INTO Establecimiento (Nombre, Partida, Repagro) VALUES ('Las Piedritas', '735676', '201212497162518001');
INSERT INTO Establecimiento (Nombre, Partida, Repagro) VALUES ('Las Quinientas', NULL, NULL);
INSERT INTO Establecimiento (Nombre, Partida, Repagro) VALUES ('Las Rosas', NULL, NULL);
INSERT INTO Establecimiento (Nombre, Partida, Repagro) VALUES ('Las Taperas', '513031', '306229468112118004');
INSERT INTO Establecimiento (Nombre, Partida, Repagro) VALUES ('Las Terneras-Fedd Lot-', NULL, NULL);
INSERT INTO Establecimiento (Nombre, Partida, Repagro) VALUES ('Las Toscas', '515734', '20166182337');
INSERT INTO Establecimiento (Nombre, Partida, Repagro) VALUES ('Las Toscas', '515734', '230526765092121001');
INSERT INTO Establecimiento (Nombre, Partida, Repagro) VALUES ('Los Abuelos', '513292', '307141087312118001');
INSERT INTO Establecimiento (Nombre, Partida, Repagro) VALUES ('Los Abuelos', '515166', '231449956192118004');
INSERT INTO Establecimiento (Nombre, Partida, Repagro) VALUES ('Los Alpatacos', NULL, '27043849951');
INSERT INTO Establecimiento (Nombre, Partida, Repagro) VALUES ('Los Alpatacos', '513005', '307092416792118004');
INSERT INTO Establecimiento (Nombre, Partida, Repagro) VALUES ('Los Caldenes', '646428', '307092578182118004');
INSERT INTO Establecimiento (Nombre, Partida, Repagro) VALUES ('Los Chicos', NULL, NULL);
INSERT INTO Establecimiento (Nombre, Partida, Repagro) VALUES ('Los Eucaliptos', NULL, NULL);
INSERT INTO Establecimiento (Nombre, Partida, Repagro) VALUES ('Los Eucaliptus', '512928', '30617821474');
INSERT INTO Establecimiento (Nombre, Partida, Repagro) VALUES ('Los Flechas', NULL, NULL);
INSERT INTO Establecimiento (Nombre, Partida, Repagro) VALUES ('Los Gallegos', NULL, NULL);
INSERT INTO Establecimiento (Nombre, Partida, Repagro) VALUES ('Los Hermanos', '590287', '306450512772119004');
INSERT INTO Establecimiento (Nombre, Partida, Repagro) VALUES ('Los Jagueles', NULL, NULL);
INSERT INTO Establecimiento (Nombre, Partida, Repagro) VALUES ('Los Lirios', '510320', '270415321012119001');
INSERT INTO Establecimiento (Nombre, Partida, Repagro) VALUES ('Los Medanos', '513016', '20130086730');
INSERT INTO Establecimiento (Nombre, Partida, Repagro) VALUES ('Los Medanos', '513016', '201661823022118001');
INSERT INTO Establecimiento (Nombre, Partida, Repagro) VALUES ('Los Medanos', '513067', '200735792612118004');
INSERT INTO Establecimiento (Nombre, Partida, Repagro) VALUES ('Los Molinos', '515316', '203257827232118001');
INSERT INTO Establecimiento (Nombre, Partida, Repagro) VALUES ('Los Molinos', '515316', '30712492615');
INSERT INTO Establecimiento (Nombre, Partida, Repagro) VALUES ('Los Nietos', '510279', '203148847882119001');
INSERT INTO Establecimiento (Nombre, Partida, Repagro) VALUES ('Los Perales', NULL, NULL);
INSERT INTO Establecimiento (Nombre, Partida, Repagro) VALUES ('Los Pinos', '590484', '200736152762119001');
INSERT INTO Establecimiento (Nombre, Partida, Repagro) VALUES ('Los Pinos', '590484', '20073615381');
INSERT INTO Establecimiento (Nombre, Partida, Repagro) VALUES ('Los Poleos', '513291', '30712249915');
INSERT INTO Establecimiento (Nombre, Partida, Repagro) VALUES ('Los Poleos II', '513291', '20144058810');
INSERT INTO Establecimiento (Nombre, Partida, Repagro) VALUES ('Los Portezuelos', NULL, NULL);
INSERT INTO Establecimiento (Nombre, Partida, Repagro) VALUES ('Los Robles', '710253', '270487786532118004');
INSERT INTO Establecimiento (Nombre, Partida, Repagro) VALUES ('Los Tios', '515732', '202716789682121100');
INSERT INTO Establecimiento (Nombre, Partida, Repagro) VALUES ('Los Tios', '515732', '337145324192121004');
INSERT INTO Establecimiento (Nombre, Partida, Repagro) VALUES ('Los Tres Hermanos', '513012', '200736152412118004');
INSERT INTO Establecimiento (Nombre, Partida, Repagro) VALUES ('Los Tres Hermanos', '513012', '20073679029');
INSERT INTO Establecimiento (Nombre, Partida, Repagro) VALUES ('Los Tres Hermanos', NULL, NULL);
INSERT INTO Establecimiento (Nombre, Partida, Repagro) VALUES ('Lote 20', '510222', '201440589262119004');
INSERT INTO Establecimiento (Nombre, Partida, Repagro) VALUES ('Lote 20', '510222', '270429879192119004');
INSERT INTO Establecimiento (Nombre, Partida, Repagro) VALUES ('Lucio Rodriguez II', NULL, NULL);
INSERT INTO Establecimiento (Nombre, Partida, Repagro) VALUES ('Marilao S.A.', NULL, NULL);
INSERT INTO Establecimiento (Nombre, Partida, Repagro) VALUES ('Martina', NULL, NULL);
INSERT INTO Establecimiento (Nombre, Partida, Repagro) VALUES ('María Soledad', '515337', '20077234048');
INSERT INTO Establecimiento (Nombre, Partida, Repagro) VALUES ('María Soledad', '515337', '202044233432118001');
INSERT INTO Establecimiento (Nombre, Partida, Repagro) VALUES ('María', '590283', '230836775892119001');
INSERT INTO Establecimiento (Nombre, Partida, Repagro) VALUES ('María', NULL, NULL);
INSERT INTO Establecimiento (Nombre, Partida, Repagro) VALUES ('Masut Juan Carlos Y Otros', NULL, NULL);
INSERT INTO Establecimiento (Nombre, Partida, Repagro) VALUES ('Matadero Federal', NULL, NULL);
INSERT INTO Establecimiento (Nombre, Partida, Repagro) VALUES ('Mercado', NULL, NULL);
INSERT INTO Establecimiento (Nombre, Partida, Repagro) VALUES ('Midane', NULL, NULL);
INSERT INTO Establecimiento (Nombre, Partida, Repagro) VALUES ('Milagros', '513131', '202291078102118001');
INSERT INTO Establecimiento (Nombre, Partida, Repagro) VALUES ('Monte Carlos', NULL, NULL);
INSERT INTO Establecimiento (Nombre, Partida, Repagro) VALUES ('Monte Ralo II', '692297', '30711534470');
INSERT INTO Establecimiento (Nombre, Partida, Repagro) VALUES ('Paine', NULL, NULL);
INSERT INTO Establecimiento (Nombre, Partida, Repagro) VALUES ('Pampa Seca', NULL, NULL);
INSERT INTO Establecimiento (Nombre, Partida, Repagro) VALUES ('Posta Vaquera', NULL, NULL);
INSERT INTO Establecimiento (Nombre, Partida, Repagro) VALUES ('Puesto Chico', '515139', '307079959002119004');
INSERT INTO Establecimiento (Nombre, Partida, Repagro) VALUES ('Punta Del Agua', NULL, NULL);
INSERT INTO Establecimiento (Nombre, Partida, Repagro) VALUES ('Quinta Gazzola', '590187', '201254154912219001');
INSERT INTO Establecimiento (Nombre, Partida, Repagro) VALUES ('Rancho Solo', '622819', '201381777512118007');
INSERT INTO Establecimiento (Nombre, Partida, Repagro) VALUES ('Rancho Solo', '622819', '232433792292118007');
INSERT INTO Establecimiento (Nombre, Partida, Repagro) VALUES ('Reproduccion', NULL, NULL);
INSERT INTO Establecimiento (Nombre, Partida, Repagro) VALUES ('Rosi', '590276', '200838507532119001');
INSERT INTO Establecimiento (Nombre, Partida, Repagro) VALUES ('Salzotto', '515745', '201304221372121004');
INSERT INTO Establecimiento (Nombre, Partida, Repagro) VALUES ('Salzotto', '515745', '201793039582121004');
INSERT INTO Establecimiento (Nombre, Partida, Repagro) VALUES ('San Alberto', NULL, NULL);
INSERT INTO Establecimiento (Nombre, Partida, Repagro) VALUES ('San Antonio', '590177', '201121800962119001');
INSERT INTO Establecimiento (Nombre, Partida, Repagro) VALUES ('San Antonio-Fedd Lot', NULL, NULL);
INSERT INTO Establecimiento (Nombre, Partida, Repagro) VALUES ('San Carlos', '515720', '200736444892121001');
INSERT INTO Establecimiento (Nombre, Partida, Repagro) VALUES ('San Carlos', '515720', '202661046862121001');
INSERT INTO Establecimiento (Nombre, Partida, Repagro) VALUES ('San Felipe', NULL, NULL);
INSERT INTO Establecimiento (Nombre, Partida, Repagro) VALUES ('San Francisco', '605272', '200734753932118001');
INSERT INTO Establecimiento (Nombre, Partida, Repagro) VALUES ('San Francisco', '605272', '202308806392118001');
INSERT INTO Establecimiento (Nombre, Partida, Repagro) VALUES ('San Hilario', NULL, NULL);
INSERT INTO Establecimiento (Nombre, Partida, Repagro) VALUES ('San Jorge', NULL, NULL);
INSERT INTO Establecimiento (Nombre, Partida, Repagro) VALUES ('San Jose', NULL, NULL);
INSERT INTO Establecimiento (Nombre, Partida, Repagro) VALUES ('San Manuel', '590390', '20179599369');
INSERT INTO Establecimiento (Nombre, Partida, Repagro) VALUES ('San Marcos', '512982', '201795994902118004');
INSERT INTO Establecimiento (Nombre, Partida, Repagro) VALUES ('San Miguel', '514630', '200734753932118001');
INSERT INTO Establecimiento (Nombre, Partida, Repagro) VALUES ('San Pablo', '515318', '200836775982118100');
INSERT INTO Establecimiento (Nombre, Partida, Repagro) VALUES ('San Ramón', '514930', '202386060212118004');
INSERT INTO Establecimiento (Nombre, Partida, Repagro) VALUES ('San Ramón', '514936', '232444317392118001');
INSERT INTO Establecimiento (Nombre, Partida, Repagro) VALUES ('San Ramón', '515913', '200865903612119004');
INSERT INTO Establecimiento (Nombre, Partida, Repagro) VALUES ('San Raul', NULL, NULL);
INSERT INTO Establecimiento (Nombre, Partida, Repagro) VALUES ('Santa Ana', NULL, NULL);
INSERT INTO Establecimiento (Nombre, Partida, Repagro) VALUES ('Santa Angela', '619037', '27064189765');
INSERT INTO Establecimiento (Nombre, Partida, Repagro) VALUES ('Santa Angela', '751848', '200769169942118004');
INSERT INTO Establecimiento (Nombre, Partida, Repagro) VALUES ('Santa Catalina', '743260', '306392177592118001');
INSERT INTO Establecimiento (Nombre, Partida, Repagro) VALUES ('Santa Isabel', NULL, NULL);
INSERT INTO Establecimiento (Nombre, Partida, Repagro) VALUES ('Santoria', NULL, NULL);
INSERT INTO Establecimiento (Nombre, Partida, Repagro) VALUES ('Sin Nombre', '590399', '230836775892119001');
INSERT INTO Establecimiento (Nombre, Partida, Repagro) VALUES ('Sin Rumbo II', '590474', '23144995619');
INSERT INTO Establecimiento (Nombre, Partida, Repagro) VALUES ('Soc. Rural H.Renanco', NULL, NULL);
INSERT INTO Establecimiento (Nombre, Partida, Repagro) VALUES ('Sol de Mayo', '590186', '20100749867');
INSERT INTO Establecimiento (Nombre, Partida, Repagro) VALUES ('V Y B Agrop', NULL, NULL);
INSERT INTO Establecimiento (Nombre, Partida, Repagro) VALUES ('Villa Graciela', NULL, NULL);


INSERT INTO PERSONA (CUIT, RAZONSOCIAL) VALUES (20042372251, 'REBUFFO JUAN BAUTISTA');
INSERT INTO PERSONA (CUIT, RAZONSOCIAL) VALUES (20043822366, 'LARIGUET LEOPOLDO ADOLFO');
INSERT INTO PERSONA (CUIT, RAZONSOCIAL) VALUES (20048478612, 'LUCERO MIGUEL HECTOR');
INSERT INTO PERSONA (CUIT, RAZONSOCIAL) VALUES (20049569387, 'CAPURRO JORGE NICOLAS');
INSERT INTO PERSONA (CUIT, RAZONSOCIAL) VALUES (20050373704, 'ALONSO JOSÉ JAIME');
INSERT INTO PERSONA (CUIT, RAZONSOCIAL) VALUES (20050527639, 'BRANDAZZA ROBERTO ANGEL');
INSERT INTO PERSONA (CUIT, RAZONSOCIAL) VALUES (20052669007, 'SANTILLAN ENRIQUE');
INSERT INTO PERSONA (CUIT, RAZONSOCIAL) VALUES (20052672733, 'CROVA CARLOS ALBERTO LUCAS');
INSERT INTO PERSONA (CUIT, RAZONSOCIAL) VALUES (20052672873, 'BERHONGARAY ALBERTO');
INSERT INTO PERSONA (CUIT, RAZONSOCIAL) VALUES (20052676348, 'GAGGIOLI ADOLFO ABEL');
INSERT INTO PERSONA (CUIT, RAZONSOCIAL) VALUES (20052676410, 'CISTERNA RAUL NORBERTO');
INSERT INTO PERSONA (CUIT, RAZONSOCIAL) VALUES (20052676453, 'ELIZALDE ROBERTO ABEL');
INSERT INTO PERSONA (CUIT, RAZONSOCIAL) VALUES (20054743719, 'CAYSSIALS OSCAR ARNOLDO');
INSERT INTO PERSONA (CUIT, RAZONSOCIAL) VALUES (20055363197, 'MANSO ALDO HECTOR');
INSERT INTO PERSONA (CUIT, RAZONSOCIAL) VALUES (2006365636, 'SAMOS JOSE ALBERTO');
INSERT INTO PERSONA (CUIT, RAZONSOCIAL) VALUES (20066304648, 'DOVISSO RAMON');
INSERT INTO PERSONA (CUIT, RAZONSOCIAL) VALUES (20066314392, 'MOTTURA MARIA ELENA');
INSERT INTO PERSONA (CUIT, RAZONSOCIAL) VALUES (20066492207, 'FENOGLIO LUIS');
INSERT INTO PERSONA (CUIT, RAZONSOCIAL) VALUES (20066504361, 'LORENZONI ALFREDO CEFERINO');
INSERT INTO PERSONA (CUIT, RAZONSOCIAL) VALUES (20069361464, 'CASTILLO FRANCISCO EDUARDO');
INSERT INTO PERSONA (CUIT, RAZONSOCIAL) VALUES (20073324778, 'GORORDO RAUL ARNOLDO');
INSERT INTO PERSONA (CUIT, RAZONSOCIAL) VALUES (20073333890, 'GAIDO ALBERTO JUAN');
INSERT INTO PERSONA (CUIT, RAZONSOCIAL) VALUES (20073475393, 'TARDITI MIGUEL VALENTIN');
INSERT INTO PERSONA (CUIT, RAZONSOCIAL) VALUES (20073495297, 'CLAVERIE ROBERT RAIMON');
INSERT INTO PERSONA (CUIT, RAZONSOCIAL) VALUES (20073511039, 'RODRIGUEZ NORBERTO ANGEL');
INSERT INTO PERSONA (CUIT, RAZONSOCIAL) VALUES (20073512442, 'MARITATO ABEL RAUL');
INSERT INTO PERSONA (CUIT, RAZONSOCIAL) VALUES (20073523924, 'SALTO EDUARDO GUILLERMO');
INSERT INTO PERSONA (CUIT, RAZONSOCIAL) VALUES (20073531765, 'SALVADORI ISABELINO BAUTISTA');
INSERT INTO PERSONA (CUIT, RAZONSOCIAL) VALUES (20073533989, 'TOMATIS ELOY FRANCISCO');
INSERT INTO PERSONA (CUIT, RAZONSOCIAL) VALUES (20073552991, 'FORMAGGIO JULIO OSCAR');
INSERT INTO PERSONA (CUIT, RAZONSOCIAL) VALUES (20073562393, 'GARRO ROBERTO CARLOS');
INSERT INTO PERSONA (CUIT, RAZONSOCIAL) VALUES (20073572097, 'CASTELLINO OSCAR NESTOR');
INSERT INTO PERSONA (CUIT, RAZONSOCIAL) VALUES (20073579261, 'RENAUDO NESTOR JOSE SUC.');
INSERT INTO PERSONA (CUIT, RAZONSOCIAL) VALUES (20073615063, 'SCHIEDA ALDO OMAR');
INSERT INTO PERSONA (CUIT, RAZONSOCIAL) VALUES (20073615101, 'TARDITI EDUARDO MIGUEL');
INSERT INTO PERSONA (CUIT, RAZONSOCIAL) VALUES (20073615195, 'SALUZZO SABEL SERAFIN');
INSERT INTO PERSONA (CUIT, RAZONSOCIAL) VALUES (20073615241, 'LORENZATTI MODESTO BERNARDINO');
INSERT INTO PERSONA (CUIT, RAZONSOCIAL) VALUES (20073615268, 'URBANO JUAN ANTONIO');
INSERT INTO PERSONA (CUIT, RAZONSOCIAL) VALUES (20073615276, 'LARDONE JUAN CARLOS');
INSERT INTO PERSONA (CUIT, RAZONSOCIAL) VALUES (20073615381, 'DONATI EDUARDO PABLO');
INSERT INTO PERSONA (CUIT, RAZONSOCIAL) VALUES (20073616000, 'DELSOL OMAR ARNALDO');
INSERT INTO PERSONA (CUIT, RAZONSOCIAL) VALUES (20073622434, 'IZAGUIRRE HECTOR');
INSERT INTO PERSONA (CUIT, RAZONSOCIAL) VALUES (20073644489, 'TARDITI MIGUEL ANGEL');
INSERT INTO PERSONA (CUIT, RAZONSOCIAL) VALUES (20073654158, 'RAPPONI FERNANDO');
INSERT INTO PERSONA (CUIT, RAZONSOCIAL) VALUES (20073656037, 'SARTOR CANDIDO ANGEL');
INSERT INTO PERSONA (CUIT, RAZONSOCIAL) VALUES (20073656150, 'SALVADORI JUAN BAUTISTA');
INSERT INTO PERSONA (CUIT, RAZONSOCIAL) VALUES (20073666970, 'SALVADORI RENE OSVALDO');
INSERT INTO PERSONA (CUIT, RAZONSOCIAL) VALUES (20073667659, 'CESAR VICTOR ROGELIO');
INSERT INTO PERSONA (CUIT, RAZONSOCIAL) VALUES (20073679029, 'LORENZATTI OSCAR MATEO');
INSERT INTO PERSONA (CUIT, RAZONSOCIAL) VALUES (20073689075, 'ALLOCHIS OSCAR JOSE');
INSERT INTO PERSONA (CUIT, RAZONSOCIAL) VALUES (20073690340, 'CAO RICARDO ALBERTO');
INSERT INTO PERSONA (CUIT, RAZONSOCIAL) VALUES (20073693595, 'GAMBAROTTA HUGO ALBERTO');
INSERT INTO PERSONA (CUIT, RAZONSOCIAL) VALUES (20076646199, 'CASTRO ALFREDO ROBERTO');
INSERT INTO PERSONA (CUIT, RAZONSOCIAL) VALUES (20076916994, 'GOÑI JOSE MARIA JESUS');
INSERT INTO PERSONA (CUIT, RAZONSOCIAL) VALUES (20077234048, 'SUAREZ ALBERTO NICANOR');
INSERT INTO PERSONA (CUIT, RAZONSOCIAL) VALUES (20079443388, 'GALLERANO JUAN CARLOS');
INSERT INTO PERSONA (CUIT, RAZONSOCIAL) VALUES (20080104848, 'ALLOCHIS JOSE ALBERTO');
INSERT INTO PERSONA (CUIT, RAZONSOCIAL) VALUES (20080109394, 'TAMAGNONE RICARDO ABEL');
INSERT INTO PERSONA (CUIT, RAZONSOCIAL) VALUES (20080109424, 'HECKER OMAR ENRIQUE');
INSERT INTO PERSONA (CUIT, RAZONSOCIAL) VALUES (20083671549, 'BRUNENGO HUMBERTO');
INSERT INTO PERSONA (CUIT, RAZONSOCIAL) VALUES (20083677598, 'DOGLIOLI OSCAR ENRIQUE');
INSERT INTO PERSONA (CUIT, RAZONSOCIAL) VALUES (20083677644, 'SCHANTON HORACIO JOSE');
INSERT INTO PERSONA (CUIT, RAZONSOCIAL) VALUES (20083850753, 'GUTIERREZ FLORENCIO');
INSERT INTO PERSONA (CUIT, RAZONSOCIAL) VALUES (20084012573, 'GIRAUDO ELADIO ANDRES');
INSERT INTO PERSONA (CUIT, RAZONSOCIAL) VALUES (20085562674, 'TORTI OSCAR EVER');
INSERT INTO PERSONA (CUIT, RAZONSOCIAL) VALUES (20086050545, 'GARRO MIGUEL ANGEL');
INSERT INTO PERSONA (CUIT, RAZONSOCIAL) VALUES (20086590361, 'CASTAGNETO ABEL OSCAR');
INSERT INTO PERSONA (CUIT, RAZONSOCIAL) VALUES (20100547334, 'GIUSTI BRUNO SALVADOR');
INSERT INTO PERSONA (CUIT, RAZONSOCIAL) VALUES (20100749867, 'WILBERGER DANIEL OSVALDO');
INSERT INTO PERSONA (CUIT, RAZONSOCIAL) VALUES (20100750660, 'GALCERAN RODOLFO ALBINO');
INSERT INTO PERSONA (CUIT, RAZONSOCIAL) VALUES (20103224315, 'ROSSA RICARDO LUIS');
INSERT INTO PERSONA (CUIT, RAZONSOCIAL) VALUES (20103425582, 'GAGGIOLI JORGE OMAR');
INSERT INTO PERSONA (CUIT, RAZONSOCIAL) VALUES (20103680000, 'ALASSIA JUAN ANGEL');
INSERT INTO PERSONA (CUIT, RAZONSOCIAL) VALUES (20105123958, 'VILLAR CARLOS ALBERTO');
INSERT INTO PERSONA (CUIT, RAZONSOCIAL) VALUES (20105364157, 'ODETTI NESTOR JOSE');
INSERT INTO PERSONA (CUIT, RAZONSOCIAL) VALUES (20105368837, 'ROMEO ALBERTO PALMIRO      ');
INSERT INTO PERSONA (CUIT, RAZONSOCIAL) VALUES (20105712317, 'GELABERT HECTOR FRANCISCO');
INSERT INTO PERSONA (CUIT, RAZONSOCIAL) VALUES (20106286060, 'COMETTO HUGO ALBERTO SUC.');
INSERT INTO PERSONA (CUIT, RAZONSOCIAL) VALUES (20106286222, 'GRANGETTO OSCAR ENRIQUE');
INSERT INTO PERSONA (CUIT, RAZONSOCIAL) VALUES (20107899546, 'EMBEITA OSCAR ALBERTO');
INSERT INTO PERSONA (CUIT, RAZONSOCIAL) VALUES (20107899821, 'SCHANTON NESTOR BERNARDO');
INSERT INTO PERSONA (CUIT, RAZONSOCIAL) VALUES (20108122278, 'FIKS RICARDO JOSE');
INSERT INTO PERSONA (CUIT, RAZONSOCIAL) VALUES (20108424428, 'IRIART JORGE RAUL');
INSERT INTO PERSONA (CUIT, RAZONSOCIAL) VALUES (20110822910, 'LOPEZ ALBERTO');
INSERT INTO PERSONA (CUIT, RAZONSOCIAL) VALUES (20111741221, 'MASSANO LUIS ABEL');
INSERT INTO PERSONA (CUIT, RAZONSOCIAL) VALUES (20111741345, 'BAZTERRECHEA GUILLERMO JUAN');
INSERT INTO PERSONA (CUIT, RAZONSOCIAL) VALUES (20111801402, 'ROSIERE JORGE OSCAR');
INSERT INTO PERSONA (CUIT, RAZONSOCIAL) VALUES (20112180096, 'BOAGLIO OSCAR ANTONIO');
INSERT INTO PERSONA (CUIT, RAZONSOCIAL) VALUES (20112180126, 'BILBAO JORGE RAMON');
INSERT INTO PERSONA (CUIT, RAZONSOCIAL) VALUES (20113452162, 'RATTALINO ALBERTO JOSE');
INSERT INTO PERSONA (CUIT, RAZONSOCIAL) VALUES (20113452278, 'FRANCHETTO JORGE ALBERTO');
INSERT INTO PERSONA (CUIT, RAZONSOCIAL) VALUES (20113747227, 'CASTALDI NORBETO DOMINGO');
INSERT INTO PERSONA (CUIT, RAZONSOCIAL) VALUES (20113980908, 'BORI GUILLERMO');
INSERT INTO PERSONA (CUIT, RAZONSOCIAL) VALUES (20114850110, 'TORRES CARLOS DOMINGO');
INSERT INTO PERSONA (CUIT, RAZONSOCIAL) VALUES (20115091515, 'CORREA RUBEN ANGEL');
INSERT INTO PERSONA (CUIT, RAZONSOCIAL) VALUES (20115091949, 'CASTELLINO CARLOS JOSE');
INSERT INTO PERSONA (CUIT, RAZONSOCIAL) VALUES (20116086477, 'CABELLO OMAR EDUARDO');
INSERT INTO PERSONA (CUIT, RAZONSOCIAL) VALUES (20116450942, 'DIEL JUAN CARLOS');
INSERT INTO PERSONA (CUIT, RAZONSOCIAL) VALUES (20116526973, 'SODANO RICARDO LUIS');
INSERT INTO PERSONA (CUIT, RAZONSOCIAL) VALUES (20116917433, 'CAMPO LUIS ALBERTO');
INSERT INTO PERSONA (CUIT, RAZONSOCIAL) VALUES (20117225047, 'RAMBALDI EDUARDO RAUL');
INSERT INTO PERSONA (CUIT, RAZONSOCIAL) VALUES (20117225268, 'TELLO MIGUEL ANGEL');
INSERT INTO PERSONA (CUIT, RAZONSOCIAL) VALUES (20117484972, 'ALLENDE DANIEL RAUL');
INSERT INTO PERSONA (CUIT, RAZONSOCIAL) VALUES (20118447396, 'BAIGORRIA JOSE MANUEL');
INSERT INTO PERSONA (CUIT, RAZONSOCIAL) VALUES (20120611802, 'PONCE MIGUEL ANGEL');
INSERT INTO PERSONA (CUIT, RAZONSOCIAL) VALUES (20121238579, 'COMETTO ARMANDO OSCAR');
INSERT INTO PERSONA (CUIT, RAZONSOCIAL) VALUES (20121238749, 'CLAVERIE MIGUEL ANGEL');
INSERT INTO PERSONA (CUIT, RAZONSOCIAL) VALUES (20121249392, 'REBUFFO RAUL RENE');
INSERT INTO PERSONA (CUIT, RAZONSOCIAL) VALUES (20121249716, 'PERLO CARLOS ENRIQUE BAUTISTA');
INSERT INTO PERSONA (CUIT, RAZONSOCIAL) VALUES (20122118739, 'CARDONATTO LUIS ALBERTO');
INSERT INTO PERSONA (CUIT, RAZONSOCIAL) VALUES (20122340458, 'SAEZ');
INSERT INTO PERSONA (CUIT, RAZONSOCIAL) VALUES (20122450628, 'VILLARINO MARCOS DANIEL');
INSERT INTO PERSONA (CUIT, RAZONSOCIAL) VALUES (20122944620, 'SANCHEZ HORACIO');
INSERT INTO PERSONA (CUIT, RAZONSOCIAL) VALUES (20124429588, 'BARREÑA OSVALDO ENRIQUE');
INSERT INTO PERSONA (CUIT, RAZONSOCIAL) VALUES (20125415491, 'CAPALDI WALTER CESAR');
INSERT INTO PERSONA (CUIT, RAZONSOCIAL) VALUES (20128463896, 'OLIVA JORGE RONALDO ANTONIO');
INSERT INTO PERSONA (CUIT, RAZONSOCIAL) VALUES (20128631179, 'CARRANZA CLODOMIRO ALBERTO JOSE');
INSERT INTO PERSONA (CUIT, RAZONSOCIAL) VALUES (20128771590, 'GALLEGO RAÚL NARCISO');
INSERT INTO PERSONA (CUIT, RAZONSOCIAL) VALUES (20129714884, '');
INSERT INTO PERSONA (CUIT, RAZONSOCIAL) VALUES (20130086730, 'SPAHN JORGE ANTONIO');
INSERT INTO PERSONA (CUIT, RAZONSOCIAL) VALUES (20130422137, 'ROULIER JAVIER AUGUSTO');
INSERT INTO PERSONA (CUIT, RAZONSOCIAL) VALUES (20130467580, 'RODRIGUEZ RICARDO HÉCTOR');
INSERT INTO PERSONA (CUIT, RAZONSOCIAL) VALUES (20132221023, 'CICARDI JOSE ERNESTO');
INSERT INTO PERSONA (CUIT, RAZONSOCIAL) VALUES (20132828955, 'GRAGLIA OSVALDO RUBEN');
INSERT INTO PERSONA (CUIT, RAZONSOCIAL) VALUES (20132864420, 'ARRIETA ENRIQUE EDGARDO');
INSERT INTO PERSONA (CUIT, RAZONSOCIAL) VALUES (20133952005, 'MUSALE JOSE AMADO JORGE');
INSERT INTO PERSONA (CUIT, RAZONSOCIAL) VALUES (20134568764, 'BLANCO HORACIO ALCIDES');
INSERT INTO PERSONA (CUIT, RAZONSOCIAL) VALUES (20136622456, 'MUHS JORGE ERNESTO');
INSERT INTO PERSONA (CUIT, RAZONSOCIAL) VALUES (20136760581, 'RODRIGUEZ MIGUEL ANGEL');
INSERT INTO PERSONA (CUIT, RAZONSOCIAL) VALUES (20137554993, 'CAZAUX OSCAR UBALDO');
INSERT INTO PERSONA (CUIT, RAZONSOCIAL) VALUES (20137909287, 'TOSSO EDGARDO DANIEL');
INSERT INTO PERSONA (CUIT, RAZONSOCIAL) VALUES (20137909325, 'GORORDO RAUL ALFREDO');
INSERT INTO PERSONA (CUIT, RAZONSOCIAL) VALUES (20137938260, 'PEREZ OSCAR ALFREDO');
INSERT INTO PERSONA (CUIT, RAZONSOCIAL) VALUES (20137938457, 'RAMBALDI RICARDO ABEL');
INSERT INTO PERSONA (CUIT, RAZONSOCIAL) VALUES (20138177751, 'RODRIGUEZ JULIO ALEJANDRO');
INSERT INTO PERSONA (CUIT, RAZONSOCIAL) VALUES (20138944825, 'NICOLA JUAN WALTER');
INSERT INTO PERSONA (CUIT, RAZONSOCIAL) VALUES (20140855309, 'ARANA RAUL ALBERTO');
INSERT INTO PERSONA (CUIT, RAZONSOCIAL) VALUES (20141721705, 'BENENTINO HUGO MARIO');
INSERT INTO PERSONA (CUIT, RAZONSOCIAL) VALUES (20142308429, 'FIORIMANTI JORGE ALBERTO');
INSERT INTO PERSONA (CUIT, RAZONSOCIAL) VALUES (20143416519, 'PALACIOS HUGO');
INSERT INTO PERSONA (CUIT, RAZONSOCIAL) VALUES (20144058810, 'CARCER ALBERTO');
INSERT INTO PERSONA (CUIT, RAZONSOCIAL) VALUES (20144058926, 'CABRERA EDGARDO DANIEL');
INSERT INTO PERSONA (CUIT, RAZONSOCIAL) VALUES (20144059388, 'COITO FRANCISCO ISMAEL');
INSERT INTO PERSONA (CUIT, RAZONSOCIAL) VALUES (20144526121, 'ANDREOLI CARLOS ALBERTO');
INSERT INTO PERSONA (CUIT, RAZONSOCIAL) VALUES (20147065273, 'SUAREZ MARCELO');
INSERT INTO PERSONA (CUIT, RAZONSOCIAL) VALUES (20147065338, 'GOMEZ VICENTE ROBERTO');
INSERT INTO PERSONA (CUIT, RAZONSOCIAL) VALUES (20148017175, 'TULIZ WALTHER ROMAN');
INSERT INTO PERSONA (CUIT, RAZONSOCIAL) VALUES (20149443275, 'IGLESIAS WALTER OSCAR');
INSERT INTO PERSONA (CUIT, RAZONSOCIAL) VALUES (20160506513, 'GONZALO JULIO CESAR');
INSERT INTO PERSONA (CUIT, RAZONSOCIAL) VALUES (20160614979, 'LOPEZ HORACIO OSCAR');
INSERT INTO PERSONA (CUIT, RAZONSOCIAL) VALUES (20162133242, 'MERCADO HORACIO BRUNO');
INSERT INTO PERSONA (CUIT, RAZONSOCIAL) VALUES (20162769473, 'SUAREZ EDUARDO ALBERTO');
INSERT INTO PERSONA (CUIT, RAZONSOCIAL) VALUES (20162856384, 'SALUSSO ARIEL SERGIO');
INSERT INTO PERSONA (CUIT, RAZONSOCIAL) VALUES (20164777449, 'DOSIO ARIEL MARCELO');
INSERT INTO PERSONA (CUIT, RAZONSOCIAL) VALUES (20164816738, 'FRITZ EDUARDO ADOLFO');
INSERT INTO PERSONA (CUIT, RAZONSOCIAL) VALUES (20166181861, 'MARTIN JULIO CESAR SUC.');
INSERT INTO PERSONA (CUIT, RAZONSOCIAL) VALUES (20166182302, 'TARDITI MARCELO JAVIER');
INSERT INTO PERSONA (CUIT, RAZONSOCIAL) VALUES (20166182337, 'CORES DELFOR ARNALDO');
INSERT INTO PERSONA (CUIT, RAZONSOCIAL) VALUES (20166365636, 'SAMOS JOSE ALBERTO');
INSERT INTO PERSONA (CUIT, RAZONSOCIAL) VALUES (20166728232, 'JOCKEY CLUB A.C.');
INSERT INTO PERSONA (CUIT, RAZONSOCIAL) VALUES (20167121676, 'VASALLO MIGUEL ESTEBAN');
INSERT INTO PERSONA (CUIT, RAZONSOCIAL) VALUES (20167122699, 'PIZZANI RICARDO CLAUDIO');
INSERT INTO PERSONA (CUIT, RAZONSOCIAL) VALUES (20168200898, 'ORTELLI MARCELO OMAR JESÚS');
INSERT INTO PERSONA (CUIT, RAZONSOCIAL) VALUES (20170478682, 'SOLA DANIEL VICENTE');
INSERT INTO PERSONA (CUIT, RAZONSOCIAL) VALUES (20170725310, 'IKES JUAN CARLOS');
INSERT INTO PERSONA (CUIT, RAZONSOCIAL) VALUES (20171972117, 'CLAVERIE RICARDO FABIAN JOSE');
INSERT INTO PERSONA (CUIT, RAZONSOCIAL) VALUES (20171972230, 'CABRERA SERGIO LUJAN');
INSERT INTO PERSONA (CUIT, RAZONSOCIAL) VALUES (20171972362, 'SEIRRA EDGARDO JAVIER');
INSERT INTO PERSONA (CUIT, RAZONSOCIAL) VALUES (20172066098, 'CABRAL JOSE AVELINO');
INSERT INTO PERSONA (CUIT, RAZONSOCIAL) VALUES (20172468803, 'AGUERO ADALBERTO ISMAEL');
INSERT INTO PERSONA (CUIT, RAZONSOCIAL) VALUES (20177345017, 'GARCIA RAÚL ALBERTO');
INSERT INTO PERSONA (CUIT, RAZONSOCIAL) VALUES (20177649040, '');
INSERT INTO PERSONA (CUIT, RAZONSOCIAL) VALUES (20178358333, 'CASTILLO DANIEL EDUARDO');
INSERT INTO PERSONA (CUIT, RAZONSOCIAL) VALUES (20178633598, 'HAURE RAÚL ALBERTO');
INSERT INTO PERSONA (CUIT, RAZONSOCIAL) VALUES (20178734874, 'PRATTO SERGIO FAVIAN');
INSERT INTO PERSONA (CUIT, RAZONSOCIAL) VALUES (20178736214, 'CARRANZA RICARDO FERNANDO');
INSERT INTO PERSONA (CUIT, RAZONSOCIAL) VALUES (20179029899, 'DANON GUIDO JAVIER');
INSERT INTO PERSONA (CUIT, RAZONSOCIAL) VALUES (20179083117, 'GOMEZ RAUL HECTOR');
INSERT INTO PERSONA (CUIT, RAZONSOCIAL) VALUES (20179303958, 'DELL´ACQUA MARIO DOMINGO');
INSERT INTO PERSONA (CUIT, RAZONSOCIAL) VALUES (20179378664, 'RAMOS ADRIAN CESAR');
INSERT INTO PERSONA (CUIT, RAZONSOCIAL) VALUES (20179599369, 'ZANOLI OSCAR ALBERTO');
INSERT INTO PERSONA (CUIT, RAZONSOCIAL) VALUES (20179599490, 'FRANCHETTO SERGIO OSCAR');
INSERT INTO PERSONA (CUIT, RAZONSOCIAL) VALUES (20180538187, 'RINAUDO EDGARDO RAUL');
INSERT INTO PERSONA (CUIT, RAZONSOCIAL) VALUES (20182254631, 'ALLEMANDI ABEL MARIA');
INSERT INTO PERSONA (CUIT, RAZONSOCIAL) VALUES (20182254666, 'BARREÑA MARCELO ARIEL');
INSERT INTO PERSONA (CUIT, RAZONSOCIAL) VALUES (20182620522, 'HECKER RICARDO FABIAN');
INSERT INTO PERSONA (CUIT, RAZONSOCIAL) VALUES (20183917332, 'ELLERO OSCAR ALBERTO');
INSERT INTO PERSONA (CUIT, RAZONSOCIAL) VALUES (20184262801, 'DONATI RUBEN DARIO');
INSERT INTO PERSONA (CUIT, RAZONSOCIAL) VALUES (20184440645, 'ARZANI RICARDO JOSE');
INSERT INTO PERSONA (CUIT, RAZONSOCIAL) VALUES (20185092098, 'AMBROSINO LUIS ALBERTO');
INSERT INTO PERSONA (CUIT, RAZONSOCIAL) VALUES (20185403077, 'PEREYRA WALTER GUILLERMO');
INSERT INTO PERSONA (CUIT, RAZONSOCIAL) VALUES (20201070504, 'FERNANDEZ HERNAN FABRICIO');
INSERT INTO PERSONA (CUIT, RAZONSOCIAL) VALUES (20201078874, 'BERNABE ADRIAN OSVALDO');
INSERT INTO PERSONA (CUIT, RAZONSOCIAL) VALUES (20201133098, 'FARINHA ESTELA INES');
INSERT INTO PERSONA (CUIT, RAZONSOCIAL) VALUES (20202463046, 'BERNELLI FABIAN ARNALDO');
INSERT INTO PERSONA (CUIT, RAZONSOCIAL) VALUES (20204423343, 'SUAREZ ALEJANDRO BENITO');
INSERT INTO PERSONA (CUIT, RAZONSOCIAL) VALUES (20204786780, 'GARRO GUSTAVO DANIEL');
INSERT INTO PERSONA (CUIT, RAZONSOCIAL) VALUES (20208302427, 'FERNANDEZ CESAR ANIBAL');
INSERT INTO PERSONA (CUIT, RAZONSOCIAL) VALUES (20209141826, 'SALABERRY MARCELO ARTURO');
INSERT INTO PERSONA (CUIT, RAZONSOCIAL) VALUES (20209879922, 'BARTEL JUAN CARLOS');
INSERT INTO PERSONA (CUIT, RAZONSOCIAL) VALUES (20213575814, 'FRATTESI JUAN CARLOS');
INSERT INTO PERSONA (CUIT, RAZONSOCIAL) VALUES (20215759297, 'FERNANDEZ MARTINEZ CHRISTIAN FAVIO');
INSERT INTO PERSONA (CUIT, RAZONSOCIAL) VALUES (20216253273, 'BESSONE FERNANDO DOMINGO');
INSERT INTO PERSONA (CUIT, RAZONSOCIAL) VALUES (20216258860, 'ROJAS CARLOS ARIEL');
INSERT INTO PERSONA (CUIT, RAZONSOCIAL) VALUES (20216423861, 'DIACHUK EDUARDO ALFREDO');
INSERT INTO PERSONA (CUIT, RAZONSOCIAL) VALUES (20216572158, 'ANGIORAMA JUAN IGNACIO');
INSERT INTO PERSONA (CUIT, RAZONSOCIAL) VALUES (20217488266, 'AVILA HORACIO VICTOR');
INSERT INTO PERSONA (CUIT, RAZONSOCIAL) VALUES (20218301003, 'ALLARA DARIO CARLOS');
INSERT INTO PERSONA (CUIT, RAZONSOCIAL) VALUES (20218705236, 'MARTIN MARCELO ARIEL');
INSERT INTO PERSONA (CUIT, RAZONSOCIAL) VALUES (20219132752, 'LOS VAZQUITOS');
INSERT INTO PERSONA (CUIT, RAZONSOCIAL) VALUES (20219424451, 'GONZALEZ PABLO MARCELO');
INSERT INTO PERSONA (CUIT, RAZONSOCIAL) VALUES (20219564326, 'PEIRANO ADRIÁN JOSÉ');
INSERT INTO PERSONA (CUIT, RAZONSOCIAL) VALUES (20220936989, 'DANIELE HUGO');
INSERT INTO PERSONA (CUIT, RAZONSOCIAL) VALUES (20222709017, 'MAIDANA  JOSE ALEJANDRO');
INSERT INTO PERSONA (CUIT, RAZONSOCIAL) VALUES (20223928316, 'GARRONE GLEMAN JOSE');
INSERT INTO PERSONA (CUIT, RAZONSOCIAL) VALUES (20224281723, 'CAYSSIALS MARTIN HERNAN');
INSERT INTO PERSONA (CUIT, RAZONSOCIAL) VALUES (20224780029, 'CHIAVASSA JORGE DANIEL');
INSERT INTO PERSONA (CUIT, RAZONSOCIAL) VALUES (20227266067, 'INFANTE LUIS ALBERTO');
INSERT INTO PERSONA (CUIT, RAZONSOCIAL) VALUES (20229107810, 'BARBERO LEANDRO ALBERTO');
INSERT INTO PERSONA (CUIT, RAZONSOCIAL) VALUES (20229336143, 'BARROZO ALBERTO DANIEL');
INSERT INTO PERSONA (CUIT, RAZONSOCIAL) VALUES (20230810835, 'SABUGO ADRIAN DAVID');
INSERT INTO PERSONA (CUIT, RAZONSOCIAL) VALUES (20230880639, 'TARDITI DAMIAN ALBERTO');
INSERT INTO PERSONA (CUIT, RAZONSOCIAL) VALUES (20231723235, 'SAVINI MARCELO HERNAN');
INSERT INTO PERSONA (CUIT, RAZONSOCIAL) VALUES (20231736302, 'NASER WALTER OMAR');
INSERT INTO PERSONA (CUIT, RAZONSOCIAL) VALUES (20232070294, 'CARRANZA GUSTAVO GERMAN');
INSERT INTO PERSONA (CUIT, RAZONSOCIAL) VALUES (20232287072, 'GORJON ADALBERTO HERNAN');
INSERT INTO PERSONA (CUIT, RAZONSOCIAL) VALUES (20233396193, 'MOLLANI CESAR HORACIO');
INSERT INTO PERSONA (CUIT, RAZONSOCIAL) VALUES (20233782980, 'ANTONIONE RUBEN DARIO');
INSERT INTO PERSONA (CUIT, RAZONSOCIAL) VALUES (20233884341, 'AMATEIS ARIEL DARIO');
INSERT INTO PERSONA (CUIT, RAZONSOCIAL) VALUES (20236105718, 'BALLADORI LEANDRO CARLOS');
INSERT INTO PERSONA (CUIT, RAZONSOCIAL) VALUES (20236375383, 'INSUA HORACIO ALFREDO');
INSERT INTO PERSONA (CUIT, RAZONSOCIAL) VALUES (20237118007, 'RAMOS JOSÉ HERNAN');
INSERT INTO PERSONA (CUIT, RAZONSOCIAL) VALUES (20238606021, 'SALVADORI OSCAR RAUL');
INSERT INTO PERSONA (CUIT, RAZONSOCIAL) VALUES (20239733663, 'ORTELLI MARCELO OMAR JESUS');
INSERT INTO PERSONA (CUIT, RAZONSOCIAL) VALUES (20239779027, 'GALLERANO GASTON ADOLFO');
INSERT INTO PERSONA (CUIT, RAZONSOCIAL) VALUES (20241358233, 'ARRIETA JORGE MIGUEL');
INSERT INTO PERSONA (CUIT, RAZONSOCIAL) VALUES (20241535003, 'CENA ANIBAL JOSE');
INSERT INTO PERSONA (CUIT, RAZONSOCIAL) VALUES (20241589235, 'STRADA BERNARDO ANIBAL');
INSERT INTO PERSONA (CUIT, RAZONSOCIAL) VALUES (20242855567, 'PAGOLA DAMIÁN LUJAN');
INSERT INTO PERSONA (CUIT, RAZONSOCIAL) VALUES (20243699852, 'DONALICIO AMILCAR ARIEL');
INSERT INTO PERSONA (CUIT, RAZONSOCIAL) VALUES (20245412275, 'SUAREZ MARCELO JAVIER');
INSERT INTO PERSONA (CUIT, RAZONSOCIAL) VALUES (20245974796, 'FORTE MARIO');
INSERT INTO PERSONA (CUIT, RAZONSOCIAL) VALUES (20246689548, 'HAURE RAUL ROBERTO');
INSERT INTO PERSONA (CUIT, RAZONSOCIAL) VALUES (20248611368, 'ALLOCHIS JOSE LUIS');
INSERT INTO PERSONA (CUIT, RAZONSOCIAL) VALUES (20249002217, 'OLMEDO CLAUDIO MARCELO');
INSERT INTO PERSONA (CUIT, RAZONSOCIAL) VALUES (20250634685, 'AIMAR PABLO BACILIO');
INSERT INTO PERSONA (CUIT, RAZONSOCIAL) VALUES (20251929034, 'PRADO ROBERTO MARTIN');
INSERT INTO PERSONA (CUIT, RAZONSOCIAL) VALUES (20255786718, 'FALCO DIEGO LEANDRO');
INSERT INTO PERSONA (CUIT, RAZONSOCIAL) VALUES (20256682266, 'CASTAÑO FERNANDO MARTIN');
INSERT INTO PERSONA (CUIT, RAZONSOCIAL) VALUES (20257830714, 'PARRA FERNANDO MIGUEL');
INSERT INTO PERSONA (CUIT, RAZONSOCIAL) VALUES (20257830722, 'OCAMPO LUIS HORACIO');
INSERT INTO PERSONA (CUIT, RAZONSOCIAL) VALUES (20262230059, 'STOLL EUGENIO ENRIQUE');
INSERT INTO PERSONA (CUIT, RAZONSOCIAL) VALUES (20262230180, 'BONELLI JUAN JOSE');
INSERT INTO PERSONA (CUIT, RAZONSOCIAL) VALUES (20262370799, 'RODRIGUEZ GERMAN MIGUEL');
INSERT INTO PERSONA (CUIT, RAZONSOCIAL) VALUES (20262379974, 'RAMONDA JORGE CEFERINO');
INSERT INTO PERSONA (CUIT, RAZONSOCIAL) VALUES (20263274556, 'LANGHOFF ALEJANDRO OMAR ');
INSERT INTO PERSONA (CUIT, RAZONSOCIAL) VALUES (20263308833, 'CANO JOSE FRANCISCO');
INSERT INTO PERSONA (CUIT, RAZONSOCIAL) VALUES (20263345682, 'SALVADORI DIEGO HORACIO');
INSERT INTO PERSONA (CUIT, RAZONSOCIAL) VALUES (20263345976, 'DONATI ALBERTO OSCAR');
INSERT INTO PERSONA (CUIT, RAZONSOCIAL) VALUES (20263477554, 'RIQUELME ROBINSON DANIEL');
INSERT INTO PERSONA (CUIT, RAZONSOCIAL) VALUES (20264237042, 'ESCUDERO VÍCTOR');
INSERT INTO PERSONA (CUIT, RAZONSOCIAL) VALUES (20265079521, 'SANCHEZ HERNAN DARIO');
INSERT INTO PERSONA (CUIT, RAZONSOCIAL) VALUES (20265513558, 'GELABERT HECTOR MAURICIO');
INSERT INTO PERSONA (CUIT, RAZONSOCIAL) VALUES (20266104686, 'TARDITI JUAN PABLO');
INSERT INTO PERSONA (CUIT, RAZONSOCIAL) VALUES (20268615319, 'VAIRA VICTOR IVAN');
INSERT INTO PERSONA (CUIT, RAZONSOCIAL) VALUES (20269582988, 'EDREIRA JORGE');
INSERT INTO PERSONA (CUIT, RAZONSOCIAL) VALUES (20270384510, 'CURTI ESCANDE GUSTAVO LEOPOLDO');
INSERT INTO PERSONA (CUIT, RAZONSOCIAL) VALUES (20270433740, 'MOLINA SEBASTIAN ERNESTO');
INSERT INTO PERSONA (CUIT, RAZONSOCIAL) VALUES (20271678968, 'ARREGUI ENRIQUE DAVID');
INSERT INTO PERSONA (CUIT, RAZONSOCIAL) VALUES (20274490854, 'SANCHEZ DENIS DAMIÁN');
INSERT INTO PERSONA (CUIT, RAZONSOCIAL) VALUES (20275264947, 'CATALINI DIEGO ALBERTO');
INSERT INTO PERSONA (CUIT, RAZONSOCIAL) VALUES (20275335151, 'BENFENATI PABLO GUILLERMO');
INSERT INTO PERSONA (CUIT, RAZONSOCIAL) VALUES (20276673298, 'SATARAIN JUAN PABLO');
INSERT INTO PERSONA (CUIT, RAZONSOCIAL) VALUES (20278448399, 'BRUNO GUSTAVO EZEQUIEL');
INSERT INTO PERSONA (CUIT, RAZONSOCIAL) VALUES (20280131076, 'RODRIGUEZ JOSÉ LUIS');
INSERT INTO PERSONA (CUIT, RAZONSOCIAL) VALUES (20281836553, 'ORALLO FERNANDO');
INSERT INTO PERSONA (CUIT, RAZONSOCIAL) VALUES (20282189926, 'RODRIGUEZ EMANUEL');
INSERT INTO PERSONA (CUIT, RAZONSOCIAL) VALUES (20283315534, 'GRANGETTO FACUNDO MANUEL');
INSERT INTO PERSONA (CUIT, RAZONSOCIAL) VALUES (20286187030, 'RENAUDO MAURO OSCAR');
INSERT INTO PERSONA (CUIT, RAZONSOCIAL) VALUES (20286187073, 'GIL DIEGO HERNAN');
INSERT INTO PERSONA (CUIT, RAZONSOCIAL) VALUES (20287734639, 'SANCHEZ ELIO NELSON');
INSERT INTO PERSONA (CUIT, RAZONSOCIAL) VALUES (20287974060, 'GALBANI ANGEL ANDRES');
INSERT INTO PERSONA (CUIT, RAZONSOCIAL) VALUES (20292297786, 'ANTONINI ALEJANDRO');
INSERT INTO PERSONA (CUIT, RAZONSOCIAL) VALUES (20296322726, 'ECHEVESTE EMILIANO RAMON');
INSERT INTO PERSONA (CUIT, RAZONSOCIAL) VALUES (20296789179, 'DOBLA FEDERICO ANDRES');
INSERT INTO PERSONA (CUIT, RAZONSOCIAL) VALUES (20297292502, 'RINALDI WALTER JOSE');
INSERT INTO PERSONA (CUIT, RAZONSOCIAL) VALUES (20298570824, 'AIME PABLO ANIBAL');
INSERT INTO PERSONA (CUIT, RAZONSOCIAL) VALUES (20298571804, 'ALVAREZ MOSTACERO JAVIER ALEJANDRO');
INSERT INTO PERSONA (CUIT, RAZONSOCIAL) VALUES (20300903291, 'CARRANZA IGNACIO');
INSERT INTO PERSONA (CUIT, RAZONSOCIAL) VALUES (20303200887, 'CUELLO WILSON');
INSERT INTO PERSONA (CUIT, RAZONSOCIAL) VALUES (20303604996, 'ALDEANO LEONEL');
INSERT INTO PERSONA (CUIT, RAZONSOCIAL) VALUES (20306814584, 'GUTIERREZ JAVIER PABLO');
INSERT INTO PERSONA (CUIT, RAZONSOCIAL) VALUES (20306995333, 'NEIMANN GASTON');
INSERT INTO PERSONA (CUIT, RAZONSOCIAL) VALUES (20310399737, 'CURTI ESCANDE ROBERTO EXEQUIEL');
INSERT INTO PERSONA (CUIT, RAZONSOCIAL) VALUES (20310450325, 'HECKER CLAUDIO ANIBAL');
INSERT INTO PERSONA (CUIT, RAZONSOCIAL) VALUES (20311522249, 'GAMBAROTTA CRISTIAN HUGO');
INSERT INTO PERSONA (CUIT, RAZONSOCIAL) VALUES (20312711789, 'ROMERO PABLO DIEGO MARTIN');
INSERT INTO PERSONA (CUIT, RAZONSOCIAL) VALUES (20314884788, 'RODRIGUEZ JORGE DARIO');
INSERT INTO PERSONA (CUIT, RAZONSOCIAL) VALUES (20315242959, 'BARREÑA LUCIANO');
INSERT INTO PERSONA (CUIT, RAZONSOCIAL) VALUES (20316008888, 'FRANCHETTO LEANDRO EXEQUIEL');
INSERT INTO PERSONA (CUIT, RAZONSOCIAL) VALUES (20321203974, 'PARODI LOPEZ JUAN CRUZ');
INSERT INTO PERSONA (CUIT, RAZONSOCIAL) VALUES (20322279079, 'LAGUNA LEONARDO JOSE');
INSERT INTO PERSONA (CUIT, RAZONSOCIAL) VALUES (20325782723, 'RASELLO FRANCO PAOLO');
INSERT INTO PERSONA (CUIT, RAZONSOCIAL) VALUES (20329016391, 'TOBARES MARCELO EMILIANO');
INSERT INTO PERSONA (CUIT, RAZONSOCIAL) VALUES (20334329578, 'LALLA GASTON  EUGENIO');
INSERT INTO PERSONA (CUIT, RAZONSOCIAL) VALUES (20334649920, 'BRUNENGO RODRIGO');
INSERT INTO PERSONA (CUIT, RAZONSOCIAL) VALUES (20335261616, 'GAUTTER DANTE ABEL');
INSERT INTO PERSONA (CUIT, RAZONSOCIAL) VALUES (20337768513, 'TOLOSA FEDERICO FRANCISCO');
INSERT INTO PERSONA (CUIT, RAZONSOCIAL) VALUES (20339244015, 'MARCANTONIO PEDRO NICOLAS');
INSERT INTO PERSONA (CUIT, RAZONSOCIAL) VALUES (20339255114, 'BIRAGHI MATIAS SEBASTIAN');
INSERT INTO PERSONA (CUIT, RAZONSOCIAL) VALUES (20343129689, 'VARGAS DIBIAGI ALVARO GASTON');
INSERT INTO PERSONA (CUIT, RAZONSOCIAL) VALUES (20343732504, 'SALASAR SEBASTIAN EXEQUIEL');
INSERT INTO PERSONA (CUIT, RAZONSOCIAL) VALUES (20345926047, 'GALCERAN GERMAN ERNESTO');
INSERT INTO PERSONA (CUIT, RAZONSOCIAL) VALUES (20352403904, 'IKES CARLOS GABRIEL');
INSERT INTO PERSONA (CUIT, RAZONSOCIAL) VALUES (20353539621, 'DURAN JOSE MARIA');
INSERT INTO PERSONA (CUIT, RAZONSOCIAL) VALUES (20362206376, 'TARDITI MARIANO MIGUEL');
INSERT INTO PERSONA (CUIT, RAZONSOCIAL) VALUES (20362848025, 'MARTIN EMANUEL');
INSERT INTO PERSONA (CUIT, RAZONSOCIAL) VALUES (20363139605, 'FARIAS JUAN PABLO');
INSERT INTO PERSONA (CUIT, RAZONSOCIAL) VALUES (20374212029, 'MORERO EMILIANO');
INSERT INTO PERSONA (CUIT, RAZONSOCIAL) VALUES (20382812728, 'RAUCH MAYCO RAMIRO');
INSERT INTO PERSONA (CUIT, RAZONSOCIAL) VALUES (2045279147, 'BUONO JOAQUIN');
INSERT INTO PERSONA (CUIT, RAZONSOCIAL) VALUES (2055158836, 'ADEMA RODOLFO ANTONIO');
INSERT INTO PERSONA (CUIT, RAZONSOCIAL) VALUES (2066557457, 'BRUSATI ANGEL AMRIO');
INSERT INTO PERSONA (CUIT, RAZONSOCIAL) VALUES (2073604088, 'TUÑON ABEL ENRIQUE');
INSERT INTO PERSONA (CUIT, RAZONSOCIAL) VALUES (2073621071, 'ROBERI HECTOR RAMON');
INSERT INTO PERSONA (CUIT, RAZONSOCIAL) VALUES (2073667659, 'CESAR VICTOR ROGELIA');
INSERT INTO PERSONA (CUIT, RAZONSOCIAL) VALUES (2073683204, 'CATALINI ALBERTO');
INSERT INTO PERSONA (CUIT, RAZONSOCIAL) VALUES (2077584812, 'POMBO EDUARDO JUAN JOSE');
INSERT INTO PERSONA (CUIT, RAZONSOCIAL) VALUES (2080342633, 'MORENO JORGE ANTONIO');
INSERT INTO PERSONA (CUIT, RAZONSOCIAL) VALUES (2083671549, 'BRUNENGO HUMBERTO');
INSERT INTO PERSONA (CUIT, RAZONSOCIAL) VALUES (2086050545, 'GARRO MIGUEL ANGEL');
INSERT INTO PERSONA (CUIT, RAZONSOCIAL) VALUES (20923311700, 'BELLO GAY ALMICAR ADRIAN');
INSERT INTO PERSONA (CUIT, RAZONSOCIAL) VALUES (23052142199, 'CALDENES MANUEL ALFREDO');
INSERT INTO PERSONA (CUIT, RAZONSOCIAL) VALUES (23052676509, 'GIL OSCAR ALBERTO');
INSERT INTO PERSONA (CUIT, RAZONSOCIAL) VALUES (23058618454, 'EMBEITA BEATRIZ ALICIA');
INSERT INTO PERSONA (CUIT, RAZONSOCIAL) VALUES (23066466639, 'MONDINO ALFREO SEBASTIAN');
INSERT INTO PERSONA (CUIT, RAZONSOCIAL) VALUES (23073392349, 'EMBEITA ROY');
INSERT INTO PERSONA (CUIT, RAZONSOCIAL) VALUES (23073552869, 'FRANCHETTO OVIDIO MARCOS');
INSERT INTO PERSONA (CUIT, RAZONSOCIAL) VALUES (23073615089, 'RATIBEL LEOPOLDO ROMULO');
INSERT INTO PERSONA (CUIT, RAZONSOCIAL) VALUES (23083674229, 'SANCHEZ HUGO OSCAR');
INSERT INTO PERSONA (CUIT, RAZONSOCIAL) VALUES (23083677589, 'GARRO VICTORIO JOSE');
INSERT INTO PERSONA (CUIT, RAZONSOCIAL) VALUES (23104553419, 'PELIZZARI EDUARDO OSCAR');
INSERT INTO PERSONA (CUIT, RAZONSOCIAL) VALUES (23111090114, 'FERREYRA GERGINA');
INSERT INTO PERSONA (CUIT, RAZONSOCIAL) VALUES (23117337499, 'ESCUDERO RAMÓN GASPAR');
INSERT INTO PERSONA (CUIT, RAZONSOCIAL) VALUES (23119672139, 'ESPERON VICTOR CESAR');
INSERT INTO PERSONA (CUIT, RAZONSOCIAL) VALUES (23124692777, 'VASAILCHIK ROBERTO');
INSERT INTO PERSONA (CUIT, RAZONSOCIAL) VALUES (23132415439, 'ACOSTA OSCAR NELSON');
INSERT INTO PERSONA (CUIT, RAZONSOCIAL) VALUES (23144526139, 'GAIARA DANIEL ALBERTO');
INSERT INTO PERSONA (CUIT, RAZONSOCIAL) VALUES (23144995619, 'REBOLLO LUIS ALBERTO');
INSERT INTO PERSONA (CUIT, RAZONSOCIAL) VALUES (23171972264, 'CAYSSIALS MARIA ALEJANDRA');
INSERT INTO PERSONA (CUIT, RAZONSOCIAL) VALUES (23177192139, 'BASSI GUSTAVO MARCELO');
INSERT INTO PERSONA (CUIT, RAZONSOCIAL) VALUES (23179202999, 'TORRES NESTOR ABEL');
INSERT INTO PERSONA (CUIT, RAZONSOCIAL) VALUES (23214296349, 'PRATO MARCELO SEGUNDO');
INSERT INTO PERSONA (CUIT, RAZONSOCIAL) VALUES (23219138229, 'RODRIGUEZ  AMURICIO MARTIN');
INSERT INTO PERSONA (CUIT, RAZONSOCIAL) VALUES (23223088309, 'DRAGO DANTE JOSE');
INSERT INTO PERSONA (CUIT, RAZONSOCIAL) VALUES (23224870809, 'MAURIÑO OSCAR ALFREDO');
INSERT INTO PERSONA (CUIT, RAZONSOCIAL) VALUES (23227867639, 'ESCUDERO GUSTAVO RAUL');
INSERT INTO PERSONA (CUIT, RAZONSOCIAL) VALUES (23231312064, 'PRADA DIANA VIRGINIA');
INSERT INTO PERSONA (CUIT, RAZONSOCIAL) VALUES (23231993789, 'SALAS SEBASTIAN RAMON');
INSERT INTO PERSONA (CUIT, RAZONSOCIAL) VALUES (23233884499, 'RATIBEL LEOPOLDO PASCUAL');
INSERT INTO PERSONA (CUIT, RAZONSOCIAL) VALUES (23240953129, 'MOSCONI MARTIN MIGUEL');
INSERT INTO PERSONA (CUIT, RAZONSOCIAL) VALUES (23243379229, 'RODRIGUEZ LUIS FERNANDO');
INSERT INTO PERSONA (CUIT, RAZONSOCIAL) VALUES (23244431739, 'SALVADORI GUSTAVO FABIAN');
INSERT INTO PERSONA (CUIT, RAZONSOCIAL) VALUES (23257963349, 'SALTO HERNAN ROBERTO');
INSERT INTO PERSONA (CUIT, RAZONSOCIAL) VALUES (23261689324, 'FARIAS SILVINA ALEJANDRA');
INSERT INTO PERSONA (CUIT, RAZONSOCIAL) VALUES (23264172349, 'AZCURRA DEOLINDO MARTÍN');
INSERT INTO PERSONA (CUIT, RAZONSOCIAL) VALUES (23268583289, 'PRATTO JAVIER OSVALDO');
INSERT INTO PERSONA (CUIT, RAZONSOCIAL) VALUES (23278935949, 'GIUSTI PABLO SALVADOR');
INSERT INTO PERSONA (CUIT, RAZONSOCIAL) VALUES (23280039314, 'ROJAS GABRIEL DAMIAN');
INSERT INTO PERSONA (CUIT, RAZONSOCIAL) VALUES (23280098329, 'GASTALDO ROMÁN EMANUEL');
INSERT INTO PERSONA (CUIT, RAZONSOCIAL) VALUES (23286113974, 'GOMEZ CARLA NOELIA');
INSERT INTO PERSONA (CUIT, RAZONSOCIAL) VALUES (23289347739, 'GONZALEZ MARCELO MIGUEL');
INSERT INTO PERSONA (CUIT, RAZONSOCIAL) VALUES (23301045379, 'MATTIOLI TITO LIVIO');
INSERT INTO PERSONA (CUIT, RAZONSOCIAL) VALUES (23310881279, 'GRANGETTO PABLO EZEQUIEL');
INSERT INTO PERSONA (CUIT, RAZONSOCIAL) VALUES (23315242959, 'BARREÑA LUCIANO');
INSERT INTO PERSONA (CUIT, RAZONSOCIAL) VALUES (23393868759, 'SALVADORI ALEX RAUL');
INSERT INTO PERSONA (CUIT, RAZONSOCIAL) VALUES (23399314569, 'OÑA HUGO JOSE');
INSERT INTO PERSONA (CUIT, RAZONSOCIAL) VALUES (24140357673, 'ROSA SERGIO TULIO');
INSERT INTO PERSONA (CUIT, RAZONSOCIAL) VALUES (27009841666, 'RASELLO DOLLY DELMA');
INSERT INTO PERSONA (CUIT, RAZONSOCIAL) VALUES (27009841720, 'SAUMENCH IRMA CLAIRES');
INSERT INTO PERSONA (CUIT, RAZONSOCIAL) VALUES (27009841909, 'MARITATTO CARMEN ELBA IRIS');
INSERT INTO PERSONA (CUIT, RAZONSOCIAL) VALUES (27041524532, 'DIAZ ARSENIA AIDA');
INSERT INTO PERSONA (CUIT, RAZONSOCIAL) VALUES (27041532101, 'GARRO EDITH IRENE');
INSERT INTO PERSONA (CUIT, RAZONSOCIAL) VALUES (27042987919, 'RIVAROLA OLGA BEATRIZ');
INSERT INTO PERSONA (CUIT, RAZONSOCIAL) VALUES (27042987986, 'MARITATO DELIA ESTER');
INSERT INTO PERSONA (CUIT, RAZONSOCIAL) VALUES (27043849951, 'URBANO NILDA ESTHER');
INSERT INTO PERSONA (CUIT, RAZONSOCIAL) VALUES (27044648321, 'GATICA GLADYS MARIA DE S.');
INSERT INTO PERSONA (CUIT, RAZONSOCIAL) VALUES (27045039523, 'ILLUMINATI MARTA MARGARITA');
INSERT INTO PERSONA (CUIT, RAZONSOCIAL) VALUES (27046114421, 'BOYERO SUSANA EDITH');
INSERT INTO PERSONA (CUIT, RAZONSOCIAL) VALUES (27048778653, 'LORENZATTI RENE CATALINA');
INSERT INTO PERSONA (CUIT, RAZONSOCIAL) VALUES (27048778947, 'GARRONE ELIDA IRENE');
INSERT INTO PERSONA (CUIT, RAZONSOCIAL) VALUES (27048778998, 'DOLLA ANA MARIA');
INSERT INTO PERSONA (CUIT, RAZONSOCIAL) VALUES (27058151195, 'BERTOLA NORMA');
INSERT INTO PERSONA (CUIT, RAZONSOCIAL) VALUES (27058618247, 'LORENZATTI MIRTHA JOSEFA');
INSERT INTO PERSONA (CUIT, RAZONSOCIAL) VALUES (27058618670, 'MERO NORMA NELIDA');
INSERT INTO PERSONA (CUIT, RAZONSOCIAL) VALUES (27058618891, 'AIME ALICIA RAQUEL');
INSERT INTO PERSONA (CUIT, RAZONSOCIAL) VALUES (27064189765, 'GOÑI MARIA LILIANA');
INSERT INTO PERSONA (CUIT, RAZONSOCIAL) VALUES (27065031227, 'VAQUERO DANAE LEONE');
INSERT INTO PERSONA (CUIT, RAZONSOCIAL) VALUES (27066321199, 'MORIONDO ELBA EDITH');
INSERT INTO PERSONA (CUIT, RAZONSOCIAL) VALUES (2709841909, 'MARITATTO CARMEN ELBA IRIS');
INSERT INTO PERSONA (CUIT, RAZONSOCIAL) VALUES (27103425854, 'VICCIATTI ALICIA MARIA');
INSERT INTO PERSONA (CUIT, RAZONSOCIAL) VALUES (27104194562, 'RODRIGUEZ LIDIA IRMA');
INSERT INTO PERSONA (CUIT, RAZONSOCIAL) VALUES (27117225114, 'BOYERO MARIA CRISTINA');
INSERT INTO PERSONA (CUIT, RAZONSOCIAL) VALUES (27117959932, 'IBAÑEZ MARÍA ELENA ZULEMA');
INSERT INTO PERSONA (CUIT, RAZONSOCIAL) VALUES (27121249885, 'BILBAO ESTELA GLORIA');
INSERT INTO PERSONA (CUIT, RAZONSOCIAL) VALUES (27121407782, 'LUCERO MARTA ISABEL');
INSERT INTO PERSONA (CUIT, RAZONSOCIAL) VALUES (27130109263, 'GAIDO LILIANA NOEMI');
INSERT INTO PERSONA (CUIT, RAZONSOCIAL) VALUES (27132691849, 'FERRANDEZ MONICA CRISTINA');
INSERT INTO PERSONA (CUIT, RAZONSOCIAL) VALUES (27137938958, 'MARTIN MARIA NATIVIDAD');
INSERT INTO PERSONA (CUIT, RAZONSOCIAL) VALUES (27141457913, 'POMBA MIRTA NOEMI');
INSERT INTO PERSONA (CUIT, RAZONSOCIAL) VALUES (27142883983, 'TORRES BEATRIZ RAQUEL');
INSERT INTO PERSONA (CUIT, RAZONSOCIAL) VALUES (27144058262, 'VICCIATTI SILVIA SUSANA');
INSERT INTO PERSONA (CUIT, RAZONSOCIAL) VALUES (27149763363, 'BERNALDO DE QUIROZ MARIA LUZ');
INSERT INTO PERSONA (CUIT, RAZONSOCIAL) VALUES (27161895992, 'RUBIANO NELLY FANNY');
INSERT INTO PERSONA (CUIT, RAZONSOCIAL) VALUES (27162133204, 'GORORDO IRIS ANGELICA C.');
INSERT INTO PERSONA (CUIT, RAZONSOCIAL) VALUES (27166182498, 'LORENZATTI MARIA ANGELICA');
INSERT INTO PERSONA (CUIT, RAZONSOCIAL) VALUES (27166558269, 'TRANSPORTE MUÑOZ');
INSERT INTO PERSONA (CUIT, RAZONSOCIAL) VALUES (27171381016, 'BARTEL MARIA INES');
INSERT INTO PERSONA (CUIT, RAZONSOCIAL) VALUES (27174477200, 'GORORDO MARIA INES');
INSERT INTO PERSONA (CUIT, RAZONSOCIAL) VALUES (27176236200, 'MARTIN CECILIA NOEMI');
INSERT INTO PERSONA (CUIT, RAZONSOCIAL) VALUES (27178643431, 'LUNA SUSANA MARINA');
INSERT INTO PERSONA (CUIT, RAZONSOCIAL) VALUES (27178735891, 'AYETZ SANDRA GRACIELA');
INSERT INTO PERSONA (CUIT, RAZONSOCIAL) VALUES (27201133098, 'FARINHA ESTELA INES');
INSERT INTO PERSONA (CUIT, RAZONSOCIAL) VALUES (27201974904, 'MARONI BIBIANA GRACIELA');
INSERT INTO PERSONA (CUIT, RAZONSOCIAL) VALUES (27206843069, 'BALLART ADRIANA LUJAN');
INSERT INTO PERSONA (CUIT, RAZONSOCIAL) VALUES (27209833080, 'ORTIZ JORGELINA BEATRIZ');
INSERT INTO PERSONA (CUIT, RAZONSOCIAL) VALUES (27220392630, 'AMIONE MARIA CLAUDIA');
INSERT INTO PERSONA (CUIT, RAZONSOCIAL) VALUES (27230401301, 'GORORDO MARCELA ARACELI');
INSERT INTO PERSONA (CUIT, RAZONSOCIAL) VALUES (27237241997, 'CAMPORA MONICA EVANGELINA');
INSERT INTO PERSONA (CUIT, RAZONSOCIAL) VALUES (27244430339, 'GATHER MARIANA ELISA');
INSERT INTO PERSONA (CUIT, RAZONSOCIAL) VALUES (27244431947, 'AMATEIS BIBIANA NOEMI');
INSERT INTO PERSONA (CUIT, RAZONSOCIAL) VALUES (27247976162, 'SILVA CRISTINA RAQUEL');
INSERT INTO PERSONA (CUIT, RAZONSOCIAL) VALUES (27253657079, 'OCHOA ROSANA BETINA');
INSERT INTO PERSONA (CUIT, RAZONSOCIAL) VALUES (27267818008, 'DEL VECCHIO LORENA ALEJANDRA');
INSERT INTO PERSONA (CUIT, RAZONSOCIAL) VALUES (27295983464, 'NUÑEZ ESTEFENIA ANDREA');
INSERT INTO PERSONA (CUIT, RAZONSOCIAL) VALUES (27296430396, 'GAIBAZZI CINTIA MARIEL');
INSERT INTO PERSONA (CUIT, RAZONSOCIAL) VALUES (27305975783, 'BOCCOLINI NATALIA YANINA');
INSERT INTO PERSONA (CUIT, RAZONSOCIAL) VALUES (27375243046, 'BERARDI CAMILA');
INSERT INTO PERSONA (CUIT, RAZONSOCIAL) VALUES (27376140291, 'MAESTRA MELINA CELESTE');
INSERT INTO PERSONA (CUIT, RAZONSOCIAL) VALUES (30394865158, 'ERRECART LEANDRO E. Y OTROS');
INSERT INTO PERSONA (CUIT, RAZONSOCIAL) VALUES (30500689443, 'FRIGORIFICO NOVARA S.A.');
INSERT INTO PERSONA (CUIT, RAZONSOCIAL) VALUES (30504005080, 'FRIAR S.A.');
INSERT INTO PERSONA (CUIT, RAZONSOCIAL) VALUES (30506730038, 'S.A. IMPORTADORA Y EXPORTADORA DE LA PATAGONIA');
INSERT INTO PERSONA (CUIT, RAZONSOCIAL) VALUES (30508022502, 'EDUARDO A. TRAVAGLIA Y CIA S.A.');
INSERT INTO PERSONA (CUIT, RAZONSOCIAL) VALUES (30511416023, 'AGRO VEGADEO S.A.');
INSERT INTO PERSONA (CUIT, RAZONSOCIAL) VALUES (30511785142, 'LAMILI SOCIEDAD ANONIMA AGROPECUARIA');
INSERT INTO PERSONA (CUIT, RAZONSOCIAL) VALUES (30511857690, 'ORTIZ DE URBINA S.A.');
INSERT INTO PERSONA (CUIT, RAZONSOCIAL) VALUES (30515924797, 'AMANCAY S.A.I.C.A.F.I.');
INSERT INTO PERSONA (CUIT, RAZONSOCIAL) VALUES (30516241612, 'FRIGORIFICO REGIONAL SAN ANTONIO DE SACEI');
INSERT INTO PERSONA (CUIT, RAZONSOCIAL) VALUES (30519787632, 'CAROSSIA Y GALCERAN S.A.');
INSERT INTO PERSONA (CUIT, RAZONSOCIAL) VALUES (30527990773, 'JOCKEY CLUB A C');
INSERT INTO PERSONA (CUIT, RAZONSOCIAL) VALUES (30530473593, 'BRANDEMANN Y CIA S.C.');
INSERT INTO PERSONA (CUIT, RAZONSOCIAL) VALUES (30533324777, 'COOP.AGRICOLA GANADERA LOS CONDORES LTDA.');
INSERT INTO PERSONA (CUIT, RAZONSOCIAL) VALUES (30533615909, 'COOPERATIVA AGROPECUARIA EMBAJADOR MARTINI LTDA');
INSERT INTO PERSONA (CUIT, RAZONSOCIAL) VALUES (30537869158, 'FRIGORIFICO GORINA S.A.I.C.');
INSERT INTO PERSONA (CUIT, RAZONSOCIAL) VALUES (30539592676, 'MATADERO Y FRIGORIFICO MARIA DEL CARMEN SACIGA');
INSERT INTO PERSONA (CUIT, RAZONSOCIAL) VALUES (30539784710, 'VICAR GANADERA S.A.');
INSERT INTO PERSONA (CUIT, RAZONSOCIAL) VALUES (30540080298, 'FRIGORÍFICO RIOPLATENSE S.A.I.C.I.F.');
INSERT INTO PERSONA (CUIT, RAZONSOCIAL) VALUES (30541138249, 'ALZAGA UNZUE Y CIA S.A.');
INSERT INTO PERSONA (CUIT, RAZONSOCIAL) VALUES (30548083156, 'COTO C.I. DE S.A.');
INSERT INTO PERSONA (CUIT, RAZONSOCIAL) VALUES (30560378056, 'SWIFT ARGENTINA S.A.');
INSERT INTO PERSONA (CUIT, RAZONSOCIAL) VALUES (30561087276, 'MADDALENA S.A.C.I.I.A.F Y M');
INSERT INTO PERSONA (CUIT, RAZONSOCIAL) VALUES (30563312730, 'LA ESTELITA S.A.');
INSERT INTO PERSONA (CUIT, RAZONSOCIAL) VALUES (30563576487, 'BOTTINI DE RISSIO MARIA R.RISSIO CARLOS');
INSERT INTO PERSONA (CUIT, RAZONSOCIAL) VALUES (30565654019, 'FRIGOLAR S.A.');
INSERT INTO PERSONA (CUIT, RAZONSOCIAL) VALUES (30568183076, 'CIMERO S.A.');
INSERT INTO PERSONA (CUIT, RAZONSOCIAL) VALUES (30571710052, 'ZUBIRI MIGUEL A. Y PEDRO B.');
INSERT INTO PERSONA (CUIT, RAZONSOCIAL) VALUES (30581286119, 'EL CAMPO S.A.');
INSERT INTO PERSONA (CUIT, RAZONSOCIAL) VALUES (30581619800, 'FRIGORIFICO SAN RAFAEL');
INSERT INTO PERSONA (CUIT, RAZONSOCIAL) VALUES (30583438412, 'FRIGORIFICO PILOTTI S.A.');
INSERT INTO PERSONA (CUIT, RAZONSOCIAL) VALUES (30585790822, 'FRIGORIFICO GENERAL PICO S.A.');
INSERT INTO PERSONA (CUIT, RAZONSOCIAL) VALUES (30590360763, 'CENCOSUD S.A.');
INSERT INTO PERSONA (CUIT, RAZONSOCIAL) VALUES (30590397160, 'LA PRETENCIOSA S.A.');
INSERT INTO PERSONA (CUIT, RAZONSOCIAL) VALUES (30594924297, 'FRIGORIFICO JUNIN S.A.');
INSERT INTO PERSONA (CUIT, RAZONSOCIAL) VALUES (30597318584, 'FRIGORIFICO REGIONAL GENERAL LAS HERAS S.A.');
INSERT INTO PERSONA (CUIT, RAZONSOCIAL) VALUES (30601204580, 'GURENA S.A.');
INSERT INTO PERSONA (CUIT, RAZONSOCIAL) VALUES (30612160240, 'MATADERO FRIGORIFICO LA CORINA S.A.');
INSERT INTO PERSONA (CUIT, RAZONSOCIAL) VALUES (30617821474, 'ACERAL S.A.');
INSERT INTO PERSONA (CUIT, RAZONSOCIAL) VALUES (30618024055, 'FERRUA ANTONIO, BIBIANA Y MARCELA');
INSERT INTO PERSONA (CUIT, RAZONSOCIAL) VALUES (30618916231, 'LEANDRO M. PRADA E HIJOS S.A.');
INSERT INTO PERSONA (CUIT, RAZONSOCIAL) VALUES (30619710866, 'RISAGRO SRL');
INSERT INTO PERSONA (CUIT, RAZONSOCIAL) VALUES (30622946811, 'MARTIN DANIEL SUC.,HUGO Y RUBEN');
INSERT INTO PERSONA (CUIT, RAZONSOCIAL) VALUES (30624185427, 'EXPLOTACIONES AGROPECUARIAS JUAN');
INSERT INTO PERSONA (CUIT, RAZONSOCIAL) VALUES (30628624794, 'BRUNI JORGE OMAR Y OTROS');
INSERT INTO PERSONA (CUIT, RAZONSOCIAL) VALUES (30629889716, 'EL SOCORRO S.R.L.');
INSERT INTO PERSONA (CUIT, RAZONSOCIAL) VALUES (30632093108, 'REGIS HUGO, RAUL Y SERGIO');
INSERT INTO PERSONA (CUIT, RAZONSOCIAL) VALUES (30638910582, 'GOMEZ MARCELO Y CARLOS MARIO');
INSERT INTO PERSONA (CUIT, RAZONSOCIAL) VALUES (30639217759, 'RATTALINO JUAN C. Y EDREIRA MARIA.');
INSERT INTO PERSONA (CUIT, RAZONSOCIAL) VALUES (30640328505, 'CAÑADA COLORADA S.R.L.');
INSERT INTO PERSONA (CUIT, RAZONSOCIAL) VALUES (30641193514, 'LA SUPERIOR S.A.');
INSERT INTO PERSONA (CUIT, RAZONSOCIAL) VALUES (30645051277, 'GODANO ARMANDO L. Y LIDIA A.');
INSERT INTO PERSONA (CUIT, RAZONSOCIAL) VALUES (30648269877, 'JORSIF S.A.');
INSERT INTO PERSONA (CUIT, RAZONSOCIAL) VALUES (30649023936, 'MERCADO DE LINIERS');
INSERT INTO PERSONA (CUIT, RAZONSOCIAL) VALUES (30649250592, 'LARDONE JUANA C. Y OTROS');
INSERT INTO PERSONA (CUIT, RAZONSOCIAL) VALUES (30651718194, 'AGROGANADERA DUTTO S.A.');
INSERT INTO PERSONA (CUIT, RAZONSOCIAL) VALUES (30656352252, 'CAROSIO ALBERTO ANGEL, JORGE');
INSERT INTO PERSONA (CUIT, RAZONSOCIAL) VALUES (30659276271, 'EL GUANA S.A.');
INSERT INTO PERSONA (CUIT, RAZONSOCIAL) VALUES (30663060252, 'COMPANÍA PROCESADORA DE CARNES S.A.');
INSERT INTO PERSONA (CUIT, RAZONSOCIAL) VALUES (30663416975, 'MATADERO Y FRIGORIFICO EL MERCEDINO S.A.');
INSERT INTO PERSONA (CUIT, RAZONSOCIAL) VALUES (30664882007, 'HECTOR POMIES E HIJOS S.A.');
INSERT INTO PERSONA (CUIT, RAZONSOCIAL) VALUES (30666277550, 'ARRE-BEEF S.A.');
INSERT INTO PERSONA (CUIT, RAZONSOCIAL) VALUES (30668439884, 'CARIGNANNO Y POZZI S.R.L.');
INSERT INTO PERSONA (CUIT, RAZONSOCIAL) VALUES (30668642280, 'PASTORI SERGIO FABIAN-PASTORI CARLOS');
INSERT INTO PERSONA (CUIT, RAZONSOCIAL) VALUES (30668766699, 'HORLANDO GASTALDI Y MARIA INES CUENCA');
INSERT INTO PERSONA (CUIT, RAZONSOCIAL) VALUES (30669263267, 'SAN JAVIER CAPRINOS S.R.L.');
INSERT INTO PERSONA (CUIT, RAZONSOCIAL) VALUES (30671542343, 'LANGE GUILLERMO Y LANGE PEDRO');
INSERT INTO PERSONA (CUIT, RAZONSOCIAL) VALUES (30671550397, 'CORTESE NOEMI SUSANA Y OTROS');
INSERT INTO PERSONA (CUIT, RAZONSOCIAL) VALUES (30671563391, 'PERANO HUGO Y MIGUEL ANGEL');
INSERT INTO PERSONA (CUIT, RAZONSOCIAL) VALUES (30671607070, 'BOCCASSO OSVALDO GABRIEL Y NESTOR');
INSERT INTO PERSONA (CUIT, RAZONSOCIAL) VALUES (30671610691, 'ESCUREDO RODOLFO Y ESCUREDO SERGIO');
INSERT INTO PERSONA (CUIT, RAZONSOCIAL) VALUES (30671623769, 'LA RIOJANA S.A.');
INSERT INTO PERSONA (CUIT, RAZONSOCIAL) VALUES (30671625362, 'CANTELMI SUSANA G.-BARBARINI JUAN C.');
INSERT INTO PERSONA (CUIT, RAZONSOCIAL) VALUES (30671687325, 'LA MAGDALENA SRL');
INSERT INTO PERSONA (CUIT, RAZONSOCIAL) VALUES (30676711577, 'DA.NES S.R.L.');
INSERT INTO PERSONA (CUIT, RAZONSOCIAL) VALUES (30678597194, 'SOCIEDAD ANONIMA CARNES PAMPEANA S.A.');
INSERT INTO PERSONA (CUIT, RAZONSOCIAL) VALUES (30683962062, 'ESTANCIA EL OMBU S.A.');
INSERT INTO PERSONA (CUIT, RAZONSOCIAL) VALUES (30684156779, 'ALMANCOR SRL');
INSERT INTO PERSONA (CUIT, RAZONSOCIAL) VALUES (30686922673, 'VIANDE S.R.L.');
INSERT INTO PERSONA (CUIT, RAZONSOCIAL) VALUES (30687310434, 'INC SOCIEDAD ANONIMA');
INSERT INTO PERSONA (CUIT, RAZONSOCIAL) VALUES (30688400240, 'PLANTA FAENADORA BANCALARI S.A.');
INSERT INTO PERSONA (CUIT, RAZONSOCIAL) VALUES (30689016002, 'COOP.DE TRABAJO COO TRA FRI YA');
INSERT INTO PERSONA (CUIT, RAZONSOCIAL) VALUES (30692071898, 'WALLACE HERMANOS S.A.');
INSERT INTO PERSONA (CUIT, RAZONSOCIAL) VALUES (30694835097, 'ESCUDERO RODOLFO F Y SERGIO');
INSERT INTO PERSONA (CUIT, RAZONSOCIAL) VALUES (30694867517, 'LAS TRANQUERAS S.H.');
INSERT INTO PERSONA (CUIT, RAZONSOCIAL) VALUES (30694876796, 'CIVALERO S.C.');
INSERT INTO PERSONA (CUIT, RAZONSOCIAL) VALUES (30695901573, 'PROST OSCAR R Y CALVO JOSE A S.H.');
INSERT INTO PERSONA (CUIT, RAZONSOCIAL) VALUES (30704456332, 'DANIEL BLANCO Y CIA S.A.');
INSERT INTO PERSONA (CUIT, RAZONSOCIAL) VALUES (30707053557, 'ELLENA HERMANOS SRL');
INSERT INTO PERSONA (CUIT, RAZONSOCIAL) VALUES (30707116664, 'BILKURA S.A.');
INSERT INTO PERSONA (CUIT, RAZONSOCIAL) VALUES (30707291393, 'DURANDO HNOS S.H.');
INSERT INTO PERSONA (CUIT, RAZONSOCIAL) VALUES (30707321721, 'CONALLISON S.A.');
INSERT INTO PERSONA (CUIT, RAZONSOCIAL) VALUES (30707393897, 'LA GANADERA DE ARENALES S.A.');
INSERT INTO PERSONA (CUIT, RAZONSOCIAL) VALUES (30707397345, 'LA LUJAN S.A.');
INSERT INTO PERSONA (CUIT, RAZONSOCIAL) VALUES (30707409629, 'ROBERI DUILIO H. Y ROBERI JUAN');
INSERT INTO PERSONA (CUIT, RAZONSOCIAL) VALUES (30707445862, 'CONSIGNATARIA FERNA S.A.');
INSERT INTO PERSONA (CUIT, RAZONSOCIAL) VALUES (30707458417, 'DALTON S.A.');
INSERT INTO PERSONA (CUIT, RAZONSOCIAL) VALUES (30707482075, 'MORERO DARDO MARCELO Y JOSE MARIA');
INSERT INTO PERSONA (CUIT, RAZONSOCIAL) VALUES (30707521992, 'COOPERATIVA DE TRABAJO DE SERVICIOS AGROINDUSTRIALES LTDA');
INSERT INTO PERSONA (CUIT, RAZONSOCIAL) VALUES (30707825010, 'AGRO GANADERA VIDORET S.A.');
INSERT INTO PERSONA (CUIT, RAZONSOCIAL) VALUES (30707916075, 'SANTA GIULIA S.A.');
INSERT INTO PERSONA (CUIT, RAZONSOCIAL) VALUES (30707931716, 'TRANFOS S.A.');
INSERT INTO PERSONA (CUIT, RAZONSOCIAL) VALUES (30707995900, 'ZUBIRI MARIA JOSE Y IGNACIO FERMIN');
INSERT INTO PERSONA (CUIT, RAZONSOCIAL) VALUES (30708019506, 'CARNES PAMPA S.A.');
INSERT INTO PERSONA (CUIT, RAZONSOCIAL) VALUES (30708083972, 'COOPERATIVA DE TRABAJO EX EMPLEADOS DEL FRIG.MILGUIILON');
INSERT INTO PERSONA (CUIT, RAZONSOCIAL) VALUES (30708121386, 'MARTA TERESA TIRANTE Y ANSELMO FIORI');
INSERT INTO PERSONA (CUIT, RAZONSOCIAL) VALUES (30708121998, 'KORY S.A.');
INSERT INTO PERSONA (CUIT, RAZONSOCIAL) VALUES (30708190841, 'BELTOM S.A.');
INSERT INTO PERSONA (CUIT, RAZONSOCIAL) VALUES (30708244577, 'YOVUN S.A.');
INSERT INTO PERSONA (CUIT, RAZONSOCIAL) VALUES (30708293179, 'AGROFLEX S.A.');
INSERT INTO PERSONA (CUIT, RAZONSOCIAL) VALUES (30708330295, 'ARENALES 1842 VELSUD S.A.');
INSERT INTO PERSONA (CUIT, RAZONSOCIAL) VALUES (30708398809, 'CARLOS J. LANSER S.A.');
INSERT INTO PERSONA (CUIT, RAZONSOCIAL) VALUES (30708459581, 'PRODUCCION S.R.L.');
INSERT INTO PERSONA (CUIT, RAZONSOCIAL) VALUES (30708465646, 'FRIGORIFICO CORONEL MOLDES S.A.');
INSERT INTO PERSONA (CUIT, RAZONSOCIAL) VALUES (30708554096, 'SIGLO QUINTO S.A.');
INSERT INTO PERSONA (CUIT, RAZONSOCIAL) VALUES (30708565373, 'L Y D SOCIEDAD DE HECHO DE IBARRETA');
INSERT INTO PERSONA (CUIT, RAZONSOCIAL) VALUES (30708571519, 'BRESSAN Y CIA S.R.L.');
INSERT INTO PERSONA (CUIT, RAZONSOCIAL) VALUES (30708573805, 'LOS CORRALITOS S.A.');
INSERT INTO PERSONA (CUIT, RAZONSOCIAL) VALUES (30708575352, 'TRANSPORTES C.R.B. SRL');
INSERT INTO PERSONA (CUIT, RAZONSOCIAL) VALUES (30708575417, 'GANADERA MILENIUM S.A.');
INSERT INTO PERSONA (CUIT, RAZONSOCIAL) VALUES (30708666374, 'BALEX S.R.L.');
INSERT INTO PERSONA (CUIT, RAZONSOCIAL) VALUES (30708698519, 'ARESE RICARDO J. Y MARCELO LEANDRO');
INSERT INTO PERSONA (CUIT, RAZONSOCIAL) VALUES (30708738227, 'DON RICARDO S.A.');
INSERT INTO PERSONA (CUIT, RAZONSOCIAL) VALUES (30708748346, 'MANAGRO S.A.');
INSERT INTO PERSONA (CUIT, RAZONSOCIAL) VALUES (30708772964, 'JUMBO RETAIL ARGENTINA');
INSERT INTO PERSONA (CUIT, RAZONSOCIAL) VALUES (30708896159, 'FRIGO CAÑUELAS S.A.');
INSERT INTO PERSONA (CUIT, RAZONSOCIAL) VALUES (30708906269, 'LA FAJE S.A');
INSERT INTO PERSONA (CUIT, RAZONSOCIAL) VALUES (30708928441, 'ARESO S.R.L.');
INSERT INTO PERSONA (CUIT, RAZONSOCIAL) VALUES (30708944404, 'AURORA AGROPECUARIA S.R.L.');
INSERT INTO PERSONA (CUIT, RAZONSOCIAL) VALUES (30709024546, 'GANADEROS ARGENTINOS DEL SUR S.A.');
INSERT INTO PERSONA (CUIT, RAZONSOCIAL) VALUES (30709037109, 'EL CUYANO DE LINCOLN');
INSERT INTO PERSONA (CUIT, RAZONSOCIAL) VALUES (30709038792, 'PELCA S.A.');
INSERT INTO PERSONA (CUIT, RAZONSOCIAL) VALUES (30709057649, 'RAYPON S.R.L.');
INSERT INTO PERSONA (CUIT, RAZONSOCIAL) VALUES (30709069183, 'FRILOBOS SOCIEDAD ANONIMA');
INSERT INTO PERSONA (CUIT, RAZONSOCIAL) VALUES (30709070998, 'SEIS SOLES S.RL.');
INSERT INTO PERSONA (CUIT, RAZONSOCIAL) VALUES (30709241679, 'SAN MIGUEL AGROPECUARIA S.R.L.');
INSERT INTO PERSONA (CUIT, RAZONSOCIAL) VALUES (30709257818, 'LAS VIZCACHAS S.R.L.');
INSERT INTO PERSONA (CUIT, RAZONSOCIAL) VALUES (30709313025, 'ESTABLECIMIENTO SOL DEL OESTE S.A.');
INSERT INTO PERSONA (CUIT, RAZONSOCIAL) VALUES (30709360732, 'TRANSPORTADORA DEL NORTE SRL');
INSERT INTO PERSONA (CUIT, RAZONSOCIAL) VALUES (30709390712, 'ALMA S.R.L.');
INSERT INTO PERSONA (CUIT, RAZONSOCIAL) VALUES (30709412783, 'TRANSPORTE MONDINO HNOS S.A.');
INSERT INTO PERSONA (CUIT, RAZONSOCIAL) VALUES (30709476072, 'LOS SIETE S.A.');
INSERT INTO PERSONA (CUIT, RAZONSOCIAL) VALUES (30709565229, 'CHAMPAGNAT Y LIBERTAD S.A.');
INSERT INTO PERSONA (CUIT, RAZONSOCIAL) VALUES (30709590282, 'AGRICOLA INDU S.A.');
INSERT INTO PERSONA (CUIT, RAZONSOCIAL) VALUES (30709822523, 'MATADERO DE VACUNOS CAMPO LOS ANDES');
INSERT INTO PERSONA (CUIT, RAZONSOCIAL) VALUES (30709824135, 'GANADOS DEL NORTE SRL');
INSERT INTO PERSONA (CUIT, RAZONSOCIAL) VALUES (30709893080, 'JUSYAM S.A.');
INSERT INTO PERSONA (CUIT, RAZONSOCIAL) VALUES (30709936650, 'GENERO OSVALDO ALEBERTO Y GENERO');
INSERT INTO PERSONA (CUIT, RAZONSOCIAL) VALUES (30709955795, 'CARNES DE MI CAMPO S.A.');
INSERT INTO PERSONA (CUIT, RAZONSOCIAL) VALUES (30709971626, 'TRAFUL S.R.L.');
INSERT INTO PERSONA (CUIT, RAZONSOCIAL) VALUES (30710022387, 'CABAÑA FRIGORIFICO DEL PLATA');
INSERT INTO PERSONA (CUIT, RAZONSOCIAL) VALUES (30710048041, 'EL GUANACO S.H.-ROQUE LUIS Y OTROS');
INSERT INTO PERSONA (CUIT, RAZONSOCIAL) VALUES (30710138911, 'LIVORNO S.A.');
INSERT INTO PERSONA (CUIT, RAZONSOCIAL) VALUES (30710326602, 'CARNES NATURALES DE LA PAMPA S.A.');
INSERT INTO PERSONA (CUIT, RAZONSOCIAL) VALUES (30710361459, 'TRANS SULLIVAN SRL');
INSERT INTO PERSONA (CUIT, RAZONSOCIAL) VALUES (30710421370, 'URDANGARIN HNOS S.H.');
INSERT INTO PERSONA (CUIT, RAZONSOCIAL) VALUES (30710473494, 'AGROGANADERA SUDAMERICANA S.A.');
INSERT INTO PERSONA (CUIT, RAZONSOCIAL) VALUES (30710505418, 'AIMALE GUSTAVO Y JAVIER');
INSERT INTO PERSONA (CUIT, RAZONSOCIAL) VALUES (30710574622, 'INDUSTRIA AGROGANADERA DEL OESTE S.A.');
INSERT INTO PERSONA (CUIT, RAZONSOCIAL) VALUES (30710597207, 'VACAITOR S.A.');
INSERT INTO PERSONA (CUIT, RAZONSOCIAL) VALUES (30710697236, 'GUILLERMO HUARTE S.A.');
INSERT INTO PERSONA (CUIT, RAZONSOCIAL) VALUES (30710753632, 'PRESTACIONES S.A.');
INSERT INTO PERSONA (CUIT, RAZONSOCIAL) VALUES (30710758510, 'LA PAVA S.A.');
INSERT INTO PERSONA (CUIT, RAZONSOCIAL) VALUES (30710826176, 'ABASTO LOS SOLES S.A.');
INSERT INTO PERSONA (CUIT, RAZONSOCIAL) VALUES (30710877749, 'TRANSPORTE ALEJO S.A.');
INSERT INTO PERSONA (CUIT, RAZONSOCIAL) VALUES (30710941161, 'ALLPORK S.A.');
INSERT INTO PERSONA (CUIT, RAZONSOCIAL) VALUES (30710981813, 'FRIGORIFICO BOLIVAR S.A.');
INSERT INTO PERSONA (CUIT, RAZONSOCIAL) VALUES (30711036764, 'NERINA DE SUÑER NADAL M.SUÑER DARIO');
INSERT INTO PERSONA (CUIT, RAZONSOCIAL) VALUES (30711210608, 'PAMPA FERTIL S.A.');
INSERT INTO PERSONA (CUIT, RAZONSOCIAL) VALUES (30711366748, 'EXPOCARNES S.R.L.');
INSERT INTO PERSONA (CUIT, RAZONSOCIAL) VALUES (30711369119, 'GANADERA EL 38 S.R.L.');
INSERT INTO PERSONA (CUIT, RAZONSOCIAL) VALUES (30711534470, 'HACIENDA Y CEREALES MORENITA S.A.');
INSERT INTO PERSONA (CUIT, RAZONSOCIAL) VALUES (30711550891, 'ROJO GAS S.A.');
INSERT INTO PERSONA (CUIT, RAZONSOCIAL) VALUES (30711865604, 'ESTRELLA LEJANA S.A.');
INSERT INTO PERSONA (CUIT, RAZONSOCIAL) VALUES (30711943435, 'TRANSPORTADORA DOSA SRL');
INSERT INTO PERSONA (CUIT, RAZONSOCIAL) VALUES (30711952841, 'COMPAÑÍA BERNAL SA');
INSERT INTO PERSONA (CUIT, RAZONSOCIAL) VALUES (30712056149, 'CERYVAC S.A.');
INSERT INTO PERSONA (CUIT, RAZONSOCIAL) VALUES (30712066500, 'SCHANTON NESTOR Y EMILIO S.H.');
INSERT INTO PERSONA (CUIT, RAZONSOCIAL) VALUES (30712086846, 'CARNES VALLE DE UCO S.A.');
INSERT INTO PERSONA (CUIT, RAZONSOCIAL) VALUES (30712194134, 'OVIMAR S.H.');
INSERT INTO PERSONA (CUIT, RAZONSOCIAL) VALUES (30712246541, 'FRIGORIFICO SANTA ANA S.R.L.');
INSERT INTO PERSONA (CUIT, RAZONSOCIAL) VALUES (30712249915, 'MARFRIG ARGENTINA S.A.');
INSERT INTO PERSONA (CUIT, RAZONSOCIAL) VALUES (30712339329, 'COOPERATIVA DE TRABAJO VIRGEN DE LUJAN LTDA');
INSERT INTO PERSONA (CUIT, RAZONSOCIAL) VALUES (30712447520, 'KAUFMANN JUAN E HIJOS SRL');
INSERT INTO PERSONA (CUIT, RAZONSOCIAL) VALUES (30712492615, 'AUAD MARIA LIS Y CAREM ELIAM');
INSERT INTO PERSONA (CUIT, RAZONSOCIAL) VALUES (30712494766, 'BAMAFER SOCIEDAD ANONIMA');
INSERT INTO PERSONA (CUIT, RAZONSOCIAL) VALUES (30712511024, 'BUFFARINI FEDERICO O.RUIZ BEATRIZ .');
INSERT INTO PERSONA (CUIT, RAZONSOCIAL) VALUES (30712511288, 'MONTE PAMPA S.R.L.');
INSERT INTO PERSONA (CUIT, RAZONSOCIAL) VALUES (30712540482, 'TRANSPORTE EL BETO S.R.L.');
INSERT INTO PERSONA (CUIT, RAZONSOCIAL) VALUES (30712542086, 'SOMIL SRL');
INSERT INTO PERSONA (CUIT, RAZONSOCIAL) VALUES (30712799303, 'TRANSPORTES GABRIEL FERRER SA');
INSERT INTO PERSONA (CUIT, RAZONSOCIAL) VALUES (30714018635, 'DON ADOLFO S.A.');
INSERT INTO PERSONA (CUIT, RAZONSOCIAL) VALUES (30714019720, 'ZALIFER S.A.');
INSERT INTO PERSONA (CUIT, RAZONSOCIAL) VALUES (30714045845, 'UMCAR SA');
INSERT INTO PERSONA (CUIT, RAZONSOCIAL) VALUES (30714079650, 'HATCAR S.A.');
INSERT INTO PERSONA (CUIT, RAZONSOCIAL) VALUES (30714108731, 'GERARDO LA GRECA & GABRIEL LA GRECA');
INSERT INTO PERSONA (CUIT, RAZONSOCIAL) VALUES (30714124842, 'INDUSTRIA FRIGORIFICA LOBOS S.A.');
INSERT INTO PERSONA (CUIT, RAZONSOCIAL) VALUES (30714131733, 'ABASTO DE CARNE ALICIA S.R.L.');
INSERT INTO PERSONA (CUIT, RAZONSOCIAL) VALUES (30714150223, 'COOPERATIVA DE TRABAJO 1º DE MAYO');
INSERT INTO PERSONA (CUIT, RAZONSOCIAL) VALUES (30714246999, 'PORRINO ROBERTO ANTONIO Y KAREN S.H');
INSERT INTO PERSONA (CUIT, RAZONSOCIAL) VALUES (30714264105, 'TRANSPORTE ALEJO S.A.');
INSERT INTO PERSONA (CUIT, RAZONSOCIAL) VALUES (30714288330, 'FRANCHETTO ROSSI');
INSERT INTO PERSONA (CUIT, RAZONSOCIAL) VALUES (30714298158, 'FORTUNA S.H.');
INSERT INTO PERSONA (CUIT, RAZONSOCIAL) VALUES (30714299820, 'FRAN GILU S.R.L.');
INSERT INTO PERSONA (CUIT, RAZONSOCIAL) VALUES (30714309753, 'AGROATUEL S.R.L.');
INSERT INTO PERSONA (CUIT, RAZONSOCIAL) VALUES (30714322180, 'CARNES DE ALVEAR S.A.');
INSERT INTO PERSONA (CUIT, RAZONSOCIAL) VALUES (30714327417, 'PRODEIF S.A.');
INSERT INTO PERSONA (CUIT, RAZONSOCIAL) VALUES (30714368571, 'PROCESADORA PAMPEANA S.A.');
INSERT INTO PERSONA (CUIT, RAZONSOCIAL) VALUES (30714470538, 'BS COMERCIAL S.R.L.');
INSERT INTO PERSONA (CUIT, RAZONSOCIAL) VALUES (30714499714, 'FRIGORIFICO LIDER S.A.');
INSERT INTO PERSONA (CUIT, RAZONSOCIAL) VALUES (30714545406, 'CERLIANI OSVALDO Y JAVIER S.H.');
INSERT INTO PERSONA (CUIT, RAZONSOCIAL) VALUES (30714588733, 'LOGICAR S.R.L.');
INSERT INTO PERSONA (CUIT, RAZONSOCIAL) VALUES (30714621560, 'FENOGLIO ROBERTO-GUSTAVO Y CARLOS S');
INSERT INTO PERSONA (CUIT, RAZONSOCIAL) VALUES (30714653187, '');
INSERT INTO PERSONA (CUIT, RAZONSOCIAL) VALUES (30714656038, 'RAICES AGROPECUARIAS SRL');
INSERT INTO PERSONA (CUIT, RAZONSOCIAL) VALUES (30714734446, 'GANADERA EL 13 S.R.L.');
INSERT INTO PERSONA (CUIT, RAZONSOCIAL) VALUES (30714752355, 'FRIGORIFICO SANMA S.A.');
INSERT INTO PERSONA (CUIT, RAZONSOCIAL) VALUES (30714778400, 'TRANSPORTE EL SALTEÑO S.R.L.');
INSERT INTO PERSONA (CUIT, RAZONSOCIAL) VALUES (30714795224, 'AGROCOMERCIAL VARELA S.R.L.');
INSERT INTO PERSONA (CUIT, RAZONSOCIAL) VALUES (30714811726, 'LA PONDEROSA S.R.L.');
INSERT INTO PERSONA (CUIT, RAZONSOCIAL) VALUES (30714817961, 'TRANSPORTE EL 69 SRL');
INSERT INTO PERSONA (CUIT, RAZONSOCIAL) VALUES (30715037749, 'TRANSPORTADORA PAGO DE ORO S.A.');
INSERT INTO PERSONA (CUIT, RAZONSOCIAL) VALUES (30715068768, 'BLACK BAMBOO ENTERPRISES S.A.');
INSERT INTO PERSONA (CUIT, RAZONSOCIAL) VALUES (30715115677, 'FABRICA DE CHACINADOS POSTEHIERROS');
INSERT INTO PERSONA (CUIT, RAZONSOCIAL) VALUES (30715197347, 'AGROPECUARIA DELFINA S.R.L.');
INSERT INTO PERSONA (CUIT, RAZONSOCIAL) VALUES (30715199684, 'EL TORMENTO S.R.L.');
INSERT INTO PERSONA (CUIT, RAZONSOCIAL) VALUES (30715208985, 'FRIGORIFICO UNION S.A.');
INSERT INTO PERSONA (CUIT, RAZONSOCIAL) VALUES (30715301861, 'GRANGETTO PABLO EZEQUIEL Y GAGGIOLI  CAROLINA LUCIANA');
INSERT INTO PERSONA (CUIT, RAZONSOCIAL) VALUES (30715382403, 'SABOR CASERO S.R.L.');
INSERT INTO PERSONA (CUIT, RAZONSOCIAL) VALUES (30715461265, 'GALVAN ALEXIS JESUS Y FRANCO GASTON');
INSERT INTO PERSONA (CUIT, RAZONSOCIAL) VALUES (30715648152, 'ANGUS S.A.');
INSERT INTO PERSONA (CUIT, RAZONSOCIAL) VALUES (30715687409, 'FDR S.A.');
INSERT INTO PERSONA (CUIT, RAZONSOCIAL) VALUES (30715717685, 'JC AGROPECUARIA GAGGIOLI CARINA Y RENAUDO JAVIER');
INSERT INTO PERSONA (CUIT, RAZONSOCIAL) VALUES (30715809466, 'CARNICA DEL OESTE S.R.L.');
INSERT INTO PERSONA (CUIT, RAZONSOCIAL) VALUES (30715845896, 'LAND L S.A.');
INSERT INTO PERSONA (CUIT, RAZONSOCIAL) VALUES (30715861379, 'CESAR CESAR SAS');
INSERT INTO PERSONA (CUIT, RAZONSOCIAL) VALUES (30715862731, 'COMERCIAL LA UNION S.A.');
INSERT INTO PERSONA (CUIT, RAZONSOCIAL) VALUES (30715902172, 'AGROVETERINARIA MONTRE S. A EN FORMACION');
INSERT INTO PERSONA (CUIT, RAZONSOCIAL) VALUES (30715995936, 'FRIGORIFICO Y MATADERO CHIVILCOY S.A.');
INSERT INTO PERSONA (CUIT, RAZONSOCIAL) VALUES (30716219328, 'PACAG S.A.');
INSERT INTO PERSONA (CUIT, RAZONSOCIAL) VALUES (30716301415, 'VOP S.A.');
INSERT INTO PERSONA (CUIT, RAZONSOCIAL) VALUES (30716653737, 'MOFASA');
INSERT INTO PERSONA (CUIT, RAZONSOCIAL) VALUES (30999074916, 'MUNICIPALIDAD DE GENERAL ALVEAR');
INSERT INTO PERSONA (CUIT, RAZONSOCIAL) VALUES (33503850929, 'MILLAN S.A.');
INSERT INTO PERSONA (CUIT, RAZONSOCIAL) VALUES (33520308089, 'LA VENETA S.A.C.A.');
INSERT INTO PERSONA (CUIT, RAZONSOCIAL) VALUES (33580694999, 'DESEFA S.A.');
INSERT INTO PERSONA (CUIT, RAZONSOCIAL) VALUES (33591936749, 'ROXDAN S.A.');
INSERT INTO PERSONA (CUIT, RAZONSOCIAL) VALUES (33609706959, 'FRIGORIFICO ALBREDI S.A.');
INSERT INTO PERSONA (CUIT, RAZONSOCIAL) VALUES (33610938529, 'FERIA RODEO HUINCA S.R.L.');
INSERT INTO PERSONA (CUIT, RAZONSOCIAL) VALUES (33625552619, 'FRIGORIFICO TRENEL S.A.');
INSERT INTO PERSONA (CUIT, RAZONSOCIAL) VALUES (33639669960, 'LORENZO ARMANDO C.M. Y MARIA ESTELA');
INSERT INTO PERSONA (CUIT, RAZONSOCIAL) VALUES (33639669969, 'LORENZO ARMANDO C.M. Y MARIA ESTELA');
INSERT INTO PERSONA (CUIT, RAZONSOCIAL) VALUES (33653239829, 'FRIMSA S.A.');
INSERT INTO PERSONA (CUIT, RAZONSOCIAL) VALUES (33654729129, 'TRANSPORTE ROCA HNOS.');
INSERT INTO PERSONA (CUIT, RAZONSOCIAL) VALUES (33684058679, 'DELTACAR S.A.');
INSERT INTO PERSONA (CUIT, RAZONSOCIAL) VALUES (33693146149, 'MARILAO S.A.');
INSERT INTO PERSONA (CUIT, RAZONSOCIAL) VALUES (33707409059, 'GANADERA SAN ROQUE S.A.');
INSERT INTO PERSONA (CUIT, RAZONSOCIAL) VALUES (33707751059, 'ECOCARNES S.A');
INSERT INTO PERSONA (CUIT, RAZONSOCIAL) VALUES (33708506139, 'ROSSO MAXIMO Y ROSSO FEDERICO S.H.');
INSERT INTO PERSONA (CUIT, RAZONSOCIAL) VALUES (33708906269, 'MICROGAUSS S.A.');
INSERT INTO PERSONA (CUIT, RAZONSOCIAL) VALUES (33709922489, 'FRIGORIFICO ACONCAGUA S.A.');
INSERT INTO PERSONA (CUIT, RAZONSOCIAL) VALUES (33710789989, 'ECHEVESTE DIEGO A, ROBERTO A.');
INSERT INTO PERSONA (CUIT, RAZONSOCIAL) VALUES (33710989589, 'EL TERO BLANCO S.A.');
INSERT INTO PERSONA (CUIT, RAZONSOCIAL) VALUES (33711018579, 'DEOVOLENTE');
INSERT INTO PERSONA (CUIT, RAZONSOCIAL) VALUES (33711123739, 'COTRAG S.A.');
INSERT INTO PERSONA (CUIT, RAZONSOCIAL) VALUES (33711237599, 'ESTANCIA LA ESPERANZA S.A.');
INSERT INTO PERSONA (CUIT, RAZONSOCIAL) VALUES (33712344739, 'LUCEM S.R.L.');
INSERT INTO PERSONA (CUIT, RAZONSOCIAL) VALUES (33714356459, 'INDUSTRIAS FRIGORIFICAS JUNCAR S.A.');
INSERT INTO PERSONA (CUIT, RAZONSOCIAL) VALUES (33714532419, 'DJ AGRO S.R.L.');
INSERT INTO PERSONA (CUIT, RAZONSOCIAL) VALUES (33715387269, 'SAN JORGE CEREALES Y HACIENDA S.A.');


INSERT INTO Comprador (RENSPA, idEstablecimiento, CUITPersona, idLocalidad) VALUES ('12.007.0.00003/00', 201, 30714131733, 92);
INSERT INTO Comprador (RENSPA, idEstablecimiento, CUITPersona, idLocalidad) VALUES ('10.018.0.01015/00', 328, 30617821474, 78);
INSERT INTO Comprador (RENSPA, idEstablecimiento, CUITPersona, idLocalidad) VALUES ('18.006.0.00670/08', NULL, 30709590282, 24);
INSERT INTO Comprador (RENSPA, idEstablecimiento, CUITPersona, idLocalidad) VALUES ('20.002.0.04332/00', NULL, 30707825010, 14);
INSERT INTO Comprador (RENSPA, idEstablecimiento, CUITPersona, idLocalidad) VALUES ('01.104.0.00027/00', NULL, 30714309753, 160);
INSERT INTO Comprador (RENSPA, idEstablecimiento, CUITPersona, idLocalidad) VALUES ('12.015.0.00824/00', NULL, 30714795224, 142);
INSERT INTO Comprador (RENSPA, idEstablecimiento, CUITPersona, idLocalidad) VALUES ('01.078.0.00058/00', NULL, 30708293179, 122);
INSERT INTO Comprador (RENSPA, idEstablecimiento, CUITPersona, idLocalidad) VALUES ('18.003.0.04018/00', 26, 30651718194, 59);
INSERT INTO Comprador (RENSPA, idEstablecimiento, CUITPersona, idLocalidad) VALUES ('01.117.0.00001/00', NULL, 30715197347, 103);
INSERT INTO Comprador (RENSPA, idEstablecimiento, CUITPersona, idLocalidad) VALUES ('10.018.0.00296/02', 49, 20250634685, 140);
INSERT INTO Comprador (RENSPA, idEstablecimiento, CUITPersona, idLocalidad) VALUES ('10.018.0.00723/00', 24, 27058618891, 78);
INSERT INTO Comprador (RENSPA, idEstablecimiento, CUITPersona, idLocalidad) VALUES ('10.018.0.00019/00', 118, 27058618891, 131);
INSERT INTO Comprador (RENSPA, idEstablecimiento, CUITPersona, idLocalidad) VALUES ('10.008.0.00450/00', 272, 20103680000, 44);
INSERT INTO Comprador (RENSPA, idEstablecimiento, CUITPersona, idLocalidad) VALUES ('10.018.1.00274/11', 257, 20103680000, 78);
INSERT INTO Comprador (RENSPA, idEstablecimiento, CUITPersona, idLocalidad) VALUES ('10.019.0.00267/01', 151, 20303604996, 78);
INSERT INTO Comprador (RENSPA, idEstablecimiento, CUITPersona, idLocalidad) VALUES ('10.018.0.00471/00', 238, 20182254631, 78);
INSERT INTO Comprador (RENSPA, idEstablecimiento, CUITPersona, idLocalidad) VALUES ('03.014.3.1214/00', 61, 20117484972, 189);
INSERT INTO Comprador (RENSPA, idEstablecimiento, CUITPersona, idLocalidad) VALUES ('10.019.0.00601/00', 281, 20080104848, 78);
INSERT INTO Comprador (RENSPA, idEstablecimiento, CUITPersona, idLocalidad) VALUES ('10.019.0.00601/02', 281, 20248611368, 78);
INSERT INTO Comprador (RENSPA, idEstablecimiento, CUITPersona, idLocalidad) VALUES ('10.018.0.00649/04', 101, 20073689075, 78);
INSERT INTO Comprador (RENSPA, idEstablecimiento, CUITPersona, idLocalidad) VALUES ('01.075.0.01401/00', NULL, 30710941161, 112);
INSERT INTO Comprador (RENSPA, idEstablecimiento, CUITPersona, idLocalidad) VALUES ('18.003.0.04100/1B', NULL, 30709390712, 41);
INSERT INTO Comprador (RENSPA, idEstablecimiento, CUITPersona, idLocalidad) VALUES ('12.010.0.00129/00', 201, 30709390712, 110);
INSERT INTO Comprador (RENSPA, idEstablecimiento, CUITPersona, idLocalidad) VALUES ('12,010,0,00171/00', 201, 30684156779, 65);
INSERT INTO Comprador (RENSPA, idEstablecimiento, CUITPersona, idLocalidad) VALUES ('01.094.0.06003/00', NULL, 20050373704, 147);
INSERT INTO Comprador (RENSPA, idEstablecimiento, CUITPersona, idLocalidad) VALUES ('10.018.0.00424/00', 410, 20298571804, 129);
INSERT INTO Comprador (RENSPA, idEstablecimiento, CUITPersona, idLocalidad) VALUES ('10.019.0.00590/02', 226, 20233884341, 78);
INSERT INTO Comprador (RENSPA, idEstablecimiento, CUITPersona, idLocalidad) VALUES ('10.019.0.00590/01', 226, 27244431947, 78);
INSERT INTO Comprador (RENSPA, idEstablecimiento, CUITPersona, idLocalidad) VALUES ('10.018.0.00367/00', 61, 20185092098, 78);
INSERT INTO Comprador (RENSPA, idEstablecimiento, CUITPersona, idLocalidad) VALUES ('10.018.1.00198/01', 16, 20216572158, 78);
INSERT INTO Comprador (RENSPA, idEstablecimiento, CUITPersona, idLocalidad) VALUES ('03.014.2.06109/02', 268, 20216572158, 45);
INSERT INTO Comprador (RENSPA, idEstablecimiento, CUITPersona, idLocalidad) VALUES ('10.021.0.00062//00', 55, 20233782980, 78);
INSERT INTO Comprador (RENSPA, idEstablecimiento, CUITPersona, idLocalidad) VALUES ('01.097.0.00914/01', NULL, 20140855309, 150);
INSERT INTO Comprador (RENSPA, idEstablecimiento, CUITPersona, idLocalidad) VALUES ('01.097.0.00826/08', 366, 20140855309, 133);
INSERT INTO Comprador (RENSPA, idEstablecimiento, CUITPersona, idLocalidad) VALUES ('01.092.0.00109/00', NULL, 30666277550, 130);
INSERT INTO Comprador (RENSPA, idEstablecimiento, CUITPersona, idLocalidad) VALUES ('10.021.0.00256/01', 347, 20271678968, 78);
INSERT INTO Comprador (RENSPA, idEstablecimiento, CUITPersona, idLocalidad) VALUES ('10.015.0.00382/06', 40, 20132864420, 54);
INSERT INTO Comprador (RENSPA, idEstablecimiento, CUITPersona, idLocalidad) VALUES ('20.006.1.00050/00', 217, 30708944404, 25);
INSERT INTO Comprador (RENSPA, idEstablecimiento, CUITPersona, idLocalidad) VALUES ('10.019.0.00305/04', 61, 23264172349, 78);
INSERT INTO Comprador (RENSPA, idEstablecimiento, CUITPersona, idLocalidad) VALUES ('12.014.0.00190/00', NULL, 20118447396, 164);
INSERT INTO Comprador (RENSPA, idEstablecimiento, CUITPersona, idLocalidad) VALUES ('10.018.0.00181/06', 105, 30708666374, 78);
INSERT INTO Comprador (RENSPA, idEstablecimiento, CUITPersona, idLocalidad) VALUES ('10.021.0.00363/01', NULL, 20236105718, 176);
INSERT INTO Comprador (RENSPA, idEstablecimiento, CUITPersona, idLocalidad) VALUES ('10.021.0.00363/01', 176, 20236105718, 176);
INSERT INTO Comprador (RENSPA, idEstablecimiento, CUITPersona, idLocalidad) VALUES ('10.018.0.00526/00', 298, 27206843069, 78);
INSERT INTO Comprador (RENSPA, idEstablecimiento, CUITPersona, idLocalidad) VALUES ('10.018.1.00231/02', 248, 27206843069, 78);
INSERT INTO Comprador (RENSPA, idEstablecimiento, CUITPersona, idLocalidad) VALUES ('12.004.0.00130/00', NULL, 30712494766, 194);
INSERT INTO Comprador (RENSPA, idEstablecimiento, CUITPersona, idLocalidad) VALUES ('10.018.0.00406/02', 365, 20229107810, 78);
INSERT INTO Comprador (RENSPA, idEstablecimiento, CUITPersona, idLocalidad) VALUES ('10.019.0.00485/01', 110, 23315242959, 78);
INSERT INTO Comprador (RENSPA, idEstablecimiento, CUITPersona, idLocalidad) VALUES ('10.018.0.00429/00', 265, 20182254666, 78);
INSERT INTO Comprador (RENSPA, idEstablecimiento, CUITPersona, idLocalidad) VALUES ('10.019.0.00485/00', 110, 20124429588, 78);
INSERT INTO Comprador (RENSPA, idEstablecimiento, CUITPersona, idLocalidad) VALUES ('10.018.0.00678/00', 381, 20124429588, 129);
INSERT INTO Comprador (RENSPA, idEstablecimiento, CUITPersona, idLocalidad) VALUES ('10.018.0.00150/00', 186, 20209879922, 78);
INSERT INTO Comprador (RENSPA, idEstablecimiento, CUITPersona, idLocalidad) VALUES ('10.018.0.00150/02', 186, 27171381016, 78);
INSERT INTO Comprador (RENSPA, idEstablecimiento, CUITPersona, idLocalidad) VALUES ('10.018.0.00301/00', 17, 20111741345, 140);
INSERT INTO Comprador (RENSPA, idEstablecimiento, CUITPersona, idLocalidad) VALUES ('10.018.0.00232/09', 160, 20923311700, 78);
INSERT INTO Comprador (RENSPA, idEstablecimiento, CUITPersona, idLocalidad) VALUES ('10.018.0.00146/01', 158, 20923311700, 78);
INSERT INTO Comprador (RENSPA, idEstablecimiento, CUITPersona, idLocalidad) VALUES ('01.059.0.00160/00', NULL, 30708190841, 84);
INSERT INTO Comprador (RENSPA, idEstablecimiento, CUITPersona, idLocalidad) VALUES ('03.008.1.00248/00', 316, 27375243046, 64);
INSERT INTO Comprador (RENSPA, idEstablecimiento, CUITPersona, idLocalidad) VALUES ('10.018.0.00413/02', 32, 20201078874, 140);
INSERT INTO Comprador (RENSPA, idEstablecimiento, CUITPersona, idLocalidad) VALUES ('10.021.0.00', 87, 27149763363, 78);
INSERT INTO Comprador (RENSPA, idEstablecimiento, CUITPersona, idLocalidad) VALUES ('03.014.1.02643/04', NULL, 20202463046, 1);
INSERT INTO Comprador (RENSPA, idEstablecimiento, CUITPersona, idLocalidad) VALUES ('03.012.0.00520/00', 300, 27058151195, 90);
INSERT INTO Comprador (RENSPA, idEstablecimiento, CUITPersona, idLocalidad) VALUES ('03.012.0.00520/00', 300, 27058151195, 89);
INSERT INTO Comprador (RENSPA, idEstablecimiento, CUITPersona, idLocalidad) VALUES ('10.017.0.00160/00', 75, 30707116664, 144);
INSERT INTO Comprador (RENSPA, idEstablecimiento, CUITPersona, idLocalidad) VALUES ('03.020.2.10549/03', 296, 20339255114, 40);
INSERT INTO Comprador (RENSPA, idEstablecimiento, CUITPersona, idLocalidad) VALUES ('20,006,0,00042/00', NULL, 30715068768, 76);
INSERT INTO Comprador (RENSPA, idEstablecimiento, CUITPersona, idLocalidad) VALUES ('10.019.0.00222/00', 381, 20112180096, 78);
INSERT INTO Comprador (RENSPA, idEstablecimiento, CUITPersona, idLocalidad) VALUES ('03.014.2.06516/00', 393, 30563576487, 45);
INSERT INTO Comprador (RENSPA, idEstablecimiento, CUITPersona, idLocalidad) VALUES ('18.006.1.20122/02', 296, 30563576487, 126);
INSERT INTO Comprador (RENSPA, idEstablecimiento, CUITPersona, idLocalidad) VALUES ('10.018.0.00158/00', 40, 27117225114, 78);
INSERT INTO Comprador (RENSPA, idEstablecimiento, CUITPersona, idLocalidad) VALUES ('10.018.0.00158/01', 40, 27046114421, 78);
INSERT INTO Comprador (RENSPA, idEstablecimiento, CUITPersona, idLocalidad) VALUES ('10.018.1.00031/06', 69, 27046114421, 78);
INSERT INTO Comprador (RENSPA, idEstablecimiento, CUITPersona, idLocalidad) VALUES ('10.021.0.00392/02', 243, 27046114421, 78);
INSERT INTO Comprador (RENSPA, idEstablecimiento, CUITPersona, idLocalidad) VALUES ('00.000.0.00000/0A-2017', NULL, 30649023936, 101);
INSERT INTO Comprador (RENSPA, idEstablecimiento, CUITPersona, idLocalidad) VALUES ('03.014.1.00012/12-2016', NULL, 30708571519, 146);
INSERT INTO Comprador (RENSPA, idEstablecimiento, CUITPersona, idLocalidad) VALUES ('10.018.1.00129/00', 205, 30628624794, 26);
INSERT INTO Comprador (RENSPA, idEstablecimiento, CUITPersona, idLocalidad) VALUES ('10.018.1.00615/01', 315, 30628624794, 88);
INSERT INTO Comprador (RENSPA, idEstablecimiento, CUITPersona, idLocalidad) VALUES ('18.006.1.10091/06', 261, 30628624794, 11);
INSERT INTO Comprador (RENSPA, idEstablecimiento, CUITPersona, idLocalidad) VALUES ('10.018.1.00228/00', 112, 30628624794, 88);
INSERT INTO Comprador (RENSPA, idEstablecimiento, CUITPersona, idLocalidad) VALUES ('10.018.1.00025/04', 325, 30628624794, 131);
INSERT INTO Comprador (RENSPA, idEstablecimiento, CUITPersona, idLocalidad) VALUES ('10.018.1.00991/00', 278, 30628624794, 88);
INSERT INTO Comprador (RENSPA, idEstablecimiento, CUITPersona, idLocalidad) VALUES ('10.018.1.00993/00', 118, 30628624794, 131);
INSERT INTO Comprador (RENSPA, idEstablecimiento, CUITPersona, idLocalidad) VALUES ('10,021,0,00753/01', 18, 20278448399, 176);
INSERT INTO Comprador (RENSPA, idEstablecimiento, CUITPersona, idLocalidad) VALUES ('10.005.0.00195/01', 233, 20278448399, 42);
INSERT INTO Comprador (RENSPA, idEstablecimiento, CUITPersona, idLocalidad) VALUES ('01.075.0.01401/00', 15, 2045279147, 112);
INSERT INTO Comprador (RENSPA, idEstablecimiento, CUITPersona, idLocalidad) VALUES ('01,034,0,00103/00', NULL, 30710022387, 58);
INSERT INTO Comprador (RENSPA, idEstablecimiento, CUITPersona, idLocalidad) VALUES ('10.019.0.00342/00', 306, 20172066098, 78);
INSERT INTO Comprador (RENSPA, idEstablecimiento, CUITPersona, idLocalidad) VALUES ('10.019.0.00253/00', 312, 20144058926, 78);
INSERT INTO Comprador (RENSPA, idEstablecimiento, CUITPersona, idLocalidad) VALUES ('10.019.0.00285/01', 352, 20144058926, 78);
INSERT INTO Comprador (RENSPA, idEstablecimiento, CUITPersona, idLocalidad) VALUES ('10.019.0.01016/00', 153, 20144058926, 78);
INSERT INTO Comprador (RENSPA, idEstablecimiento, CUITPersona, idLocalidad) VALUES ('10.021.0.00018/07', 128, 20171972230, 78);
INSERT INTO Comprador (RENSPA, idEstablecimiento, CUITPersona, idLocalidad) VALUES ('01.129.0.01404/10', 119, 23052142199, 184);
INSERT INTO Comprador (RENSPA, idEstablecimiento, CUITPersona, idLocalidad) VALUES ('03.014.2.08213/10', NULL, 27237241997, 171);
INSERT INTO Comprador (RENSPA, idEstablecimiento, CUITPersona, idLocalidad) VALUES ('12.004.0.00130/00', 201, 20263308833, 194);
INSERT INTO Comprador (RENSPA, idEstablecimiento, CUITPersona, idLocalidad) VALUES ('10.018.0.00168/02', 302, 30671625362, 78);
INSERT INTO Comprador (RENSPA, idEstablecimiento, CUITPersona, idLocalidad) VALUES ('10.018.0.00385/00', 149, 30671625362, 78);
INSERT INTO Comprador (RENSPA, idEstablecimiento, CUITPersona, idLocalidad) VALUES ('10.019.0.00790/05', 251, 30640328505, 143);
INSERT INTO Comprador (RENSPA, idEstablecimiento, CUITPersona, idLocalidad) VALUES ('10.018.1.00716/00', 36, 20073690340, 26);
INSERT INTO Comprador (RENSPA, idEstablecimiento, CUITPersona, idLocalidad) VALUES ('10.019.0.00349/02', 59, 20049569387, 78);
INSERT INTO Comprador (RENSPA, idEstablecimiento, CUITPersona, idLocalidad) VALUES ('10.018.1.00172/00', 344, 20144058810, 78);
INSERT INTO Comprador (RENSPA, idEstablecimiento, CUITPersona, idLocalidad) VALUES ('10.019.0.00090/03', 234, 20122118739, 78);
INSERT INTO Comprador (RENSPA, idEstablecimiento, CUITPersona, idLocalidad) VALUES ('03.009.0.00531/00', NULL, 30668439884, 27);
INSERT INTO Comprador (RENSPA, idEstablecimiento, CUITPersona, idLocalidad) VALUES ('03.014.2.00026/03-2017', NULL, 30708398809, 45);
INSERT INTO Comprador (RENSPA, idEstablecimiento, CUITPersona, idLocalidad) VALUES ('12.010.0.00129/00', NULL, 30709955795, 110);
INSERT INTO Comprador (RENSPA, idEstablecimiento, CUITPersona, idLocalidad) VALUES ('10.007.0.01404/00', NULL, 30710326602, 168);
INSERT INTO Comprador (RENSPA, idEstablecimiento, CUITPersona, idLocalidad) VALUES ('01.048.0.00382/00', NULL, 30708019506, 69);
INSERT INTO Comprador (RENSPA, idEstablecimiento, CUITPersona, idLocalidad) VALUES ('03.005.4.07004/10', 190, 30712086846, 193);
INSERT INTO Comprador (RENSPA, idEstablecimiento, CUITPersona, idLocalidad) VALUES ('01.069.0.00481/00', NULL, 30715809466, 109);
INSERT INTO Comprador (RENSPA, idEstablecimiento, CUITPersona, idLocalidad) VALUES ('01.068.0.00481/00', NULL, 30715809466, 109);
INSERT INTO Comprador (RENSPA, idEstablecimiento, CUITPersona, idLocalidad) VALUES ('03,014,4,00143/01', NULL, 20300903291, 2);
INSERT INTO Comprador (RENSPA, idEstablecimiento, CUITPersona, idLocalidad) VALUES ('03.014.2.06130/70', NULL, 20300903291, 45);
INSERT INTO Comprador (RENSPA, idEstablecimiento, CUITPersona, idLocalidad) VALUES ('10.019.0.00585/00', 396, 20086590361, 78);
INSERT INTO Comprador (RENSPA, idEstablecimiento, CUITPersona, idLocalidad) VALUES ('03.014.2.08417/00', NULL, 20113747227, 96);
INSERT INTO Comprador (RENSPA, idEstablecimiento, CUITPersona, idLocalidad) VALUES ('18.006.2.40031/03', 135, 20256682266, 181);
INSERT INTO Comprador (RENSPA, idEstablecimiento, CUITPersona, idLocalidad) VALUES ('10.019.0.00235/00', 50, 20256682266, 143);
INSERT INTO Comprador (RENSPA, idEstablecimiento, CUITPersona, idLocalidad) VALUES ('12.002.0.00028/00', NULL, 20256682266, 23);
INSERT INTO Comprador (RENSPA, idEstablecimiento, CUITPersona, idLocalidad) VALUES ('10.021.0.00073/04', 398, 20115091949, 10);
INSERT INTO Comprador (RENSPA, idEstablecimiento, CUITPersona, idLocalidad) VALUES ('10.021.0.00073/03', 398, 20073572097, 10);
INSERT INTO Comprador (RENSPA, idEstablecimiento, CUITPersona, idLocalidad) VALUES ('12.013.0.00060/01', 74, 20178358333, 159);
INSERT INTO Comprador (RENSPA, idEstablecimiento, CUITPersona, idLocalidad) VALUES ('12.013.0.00060/01', NULL, 20178358333, 159);
INSERT INTO Comprador (RENSPA, idEstablecimiento, CUITPersona, idLocalidad) VALUES ('12.013.0.00060/00', NULL, 20069361464, 159);
INSERT INTO Comprador (RENSPA, idEstablecimiento, CUITPersona, idLocalidad) VALUES ('10.019.0.04041/00', 92, 20076646199, 78);
INSERT INTO Comprador (RENSPA, idEstablecimiento, CUITPersona, idLocalidad) VALUES ('10.018.0.00176/03', 252, 23171972264, 78);
INSERT INTO Comprador (RENSPA, idEstablecimiento, CUITPersona, idLocalidad) VALUES ('10.019.0.00942/03', 212, 23171972264, 78);
INSERT INTO Comprador (RENSPA, idEstablecimiento, CUITPersona, idLocalidad) VALUES ('10.018.0.00176/02', 252, 20224281723, 78);
INSERT INTO Comprador (RENSPA, idEstablecimiento, CUITPersona, idLocalidad) VALUES ('10.019.0.00942/04', 212, 20224281723, 78);
INSERT INTO Comprador (RENSPA, idEstablecimiento, CUITPersona, idLocalidad) VALUES ('10.018.0.00176/00', 252, 20054743719, 78);
INSERT INTO Comprador (RENSPA, idEstablecimiento, CUITPersona, idLocalidad) VALUES ('10.019.0.00942/00', 212, 20054743719, 78);
INSERT INTO Comprador (RENSPA, idEstablecimiento, CUITPersona, idLocalidad) VALUES ('10.004.0.00624/00', NULL, 20137554993, 31);
INSERT INTO Comprador (RENSPA, idEstablecimiento, CUITPersona, idLocalidad) VALUES ('03.014.1.00472/04', NULL, 20241535003, 43);
INSERT INTO Comprador (RENSPA, idEstablecimiento, CUITPersona, idLocalidad) VALUES ('01.074.0.00087/00', NULL, 30712056149, 197);
INSERT INTO Comprador (RENSPA, idEstablecimiento, CUITPersona, idLocalidad) VALUES ('03.012.1.30898/01', NULL, 30715861379, 66);
INSERT INTO Comprador (RENSPA, idEstablecimiento, CUITPersona, idLocalidad) VALUES ('03.012.1.30898/00', 368, 20073667659, 66);
INSERT INTO Comprador (RENSPA, idEstablecimiento, CUITPersona, idLocalidad) VALUES ('01.091.0.00063/00', NULL, 30709565229, 56);
INSERT INTO Comprador (RENSPA, idEstablecimiento, CUITPersona, idLocalidad) VALUES ('01,069,0,0481/00', NULL, 20132221023, 109);
INSERT INTO Comprador (RENSPA, idEstablecimiento, CUITPersona, idLocalidad) VALUES ('01.054.0.00015/00', NULL, 30568183076, 73);
INSERT INTO Comprador (RENSPA, idEstablecimiento, CUITPersona, idLocalidad) VALUES ('10.018.0.00278/00', 295, 30694876796, 78);
INSERT INTO Comprador (RENSPA, idEstablecimiento, CUITPersona, idLocalidad) VALUES ('10.019.0.00860/00', 183, 20171972117, 78);
INSERT INTO Comprador (RENSPA, idEstablecimiento, CUITPersona, idLocalidad) VALUES ('10.019.0.00580/00', 172, 20073495297, 78);
INSERT INTO Comprador (RENSPA, idEstablecimiento, CUITPersona, idLocalidad) VALUES ('10.019.0.00209/00', 129, 20144059388, 78);
INSERT INTO Comprador (RENSPA, idEstablecimiento, CUITPersona, idLocalidad) VALUES ('00.00.0.00000/0Y-2018', NULL, 30649023936, 101);
INSERT INTO Comprador (RENSPA, idEstablecimiento, CUITPersona, idLocalidad) VALUES ('12.017.0.00927/00', NULL, 30715862731, 28);
INSERT INTO Comprador (RENSPA, idEstablecimiento, CUITPersona, idLocalidad) VALUES ('10.018.0.00248/12', 33, 20121238579, 129);
INSERT INTO Comprador (RENSPA, idEstablecimiento, CUITPersona, idLocalidad) VALUES ('10.018.0.00137/00', NULL, 20106286060, 78);
INSERT INTO Comprador (RENSPA, idEstablecimiento, CUITPersona, idLocalidad) VALUES ('01.017.0.00052/00', NULL, 30707321721, 160);
INSERT INTO Comprador (RENSPA, idEstablecimiento, CUITPersona, idLocalidad) VALUES ('01.117.0.00001/00', NULL, 30714653187, 103);
INSERT INTO Comprador (RENSPA, idEstablecimiento, CUITPersona, idLocalidad) VALUES ('01.059.0.00164/00', 201, 30707445862, 84);
INSERT INTO Comprador (RENSPA, idEstablecimiento, CUITPersona, idLocalidad) VALUES ('03.001.0.00741/00', 93, 30533324777, 105);
INSERT INTO Comprador (RENSPA, idEstablecimiento, CUITPersona, idLocalidad) VALUES ('01.074.0.00091/00', NULL, 30689016002, 197);
INSERT INTO Comprador (RENSPA, idEstablecimiento, CUITPersona, idLocalidad) VALUES ('10.021.0.00405/00', 21, 30533615909, 57);
INSERT INTO Comprador (RENSPA, idEstablecimiento, CUITPersona, idLocalidad) VALUES ('01.034.0.00103/00', NULL, 30714150223, 104);
INSERT INTO Comprador (RENSPA, idEstablecimiento, CUITPersona, idLocalidad) VALUES ('02.014.0.00044/01', 230, 30707521992, 48);
INSERT INTO Comprador (RENSPA, idEstablecimiento, CUITPersona, idLocalidad) VALUES ('01.078.0.00055/00', NULL, 30708083972, 122);
INSERT INTO Comprador (RENSPA, idEstablecimiento, CUITPersona, idLocalidad) VALUES ('01.069.0.00057/00', NULL, 30712339329, 109);
INSERT INTO Comprador (RENSPA, idEstablecimiento, CUITPersona, idLocalidad) VALUES ('10.021.0.00117/01', 319, 20166182337, 78);
INSERT INTO Comprador (RENSPA, idEstablecimiento, CUITPersona, idLocalidad) VALUES ('10.021.0.00523/00', 288, 30671550397, 10);
INSERT INTO Comprador (RENSPA, idEstablecimiento, CUITPersona, idLocalidad) VALUES ('10.018.0.00676/00', 131, 20052672733, 78);
INSERT INTO Comprador (RENSPA, idEstablecimiento, CUITPersona, idLocalidad) VALUES ('12,015,0,15020/02', 345, 20270384510, 190);
INSERT INTO Comprador (RENSPA, idEstablecimiento, CUITPersona, idLocalidad) VALUES ('10.018.0.00514/00', 291, 20270384510, 78);
INSERT INTO Comprador (RENSPA, idEstablecimiento, CUITPersona, idLocalidad) VALUES ('10.018.0.00508/00', 289, 20270384510, 78);
INSERT INTO Comprador (RENSPA, idEstablecimiento, CUITPersona, idLocalidad) VALUES ('10.018.0.00280/03', 113, 20270384510, 78);
INSERT INTO Comprador (RENSPA, idEstablecimiento, CUITPersona, idLocalidad) VALUES ('00.000.0.00000/0x-2016', NULL, 30704456332, NULL);
INSERT INTO Comprador (RENSPA, idEstablecimiento, CUITPersona, idLocalidad) VALUES ('03.005.4.07035/01', 332, 20220936989, 193);
INSERT INTO Comprador (RENSPA, idEstablecimiento, CUITPersona, idLocalidad) VALUES ('01.074.0.00045/00', NULL, 20179029899, 197);
INSERT INTO Comprador (RENSPA, idEstablecimiento, CUITPersona, idLocalidad) VALUES ('10.018.1.000070/02', 325, 20073616000, 26);
INSERT INTO Comprador (RENSPA, idEstablecimiento, CUITPersona, idLocalidad) VALUES ('01.050.0.00112/00', NULL, 33684058679, 70);
INSERT INTO Comprador (RENSPA, idEstablecimiento, CUITPersona, idLocalidad) VALUES ('01.127.0.04973/00', NULL, 33711018579, 179);
INSERT INTO Comprador (RENSPA, idEstablecimiento, CUITPersona, idLocalidad) VALUES ('03.014.1.00753/00', 327, 20296789179, 146);
INSERT INTO Comprador (RENSPA, idEstablecimiento, CUITPersona, idLocalidad) VALUES ('10.018.1.00182/01', 394, 20083677598, 78);
INSERT INTO Comprador (RENSPA, idEstablecimiento, CUITPersona, idLocalidad) VALUES ('10.019.0.04106/00', 45, 27048778998, 78);
INSERT INTO Comprador (RENSPA, idEstablecimiento, CUITPersona, idLocalidad) VALUES ('03.014.0.00432/00', NULL, 30714018635, 45);
INSERT INTO Comprador (RENSPA, idEstablecimiento, CUITPersona, idLocalidad) VALUES ('03.014.0.00432/00', NULL, 30708738227, 45);
INSERT INTO Comprador (RENSPA, idEstablecimiento, CUITPersona, idLocalidad) VALUES ('10.019.0.00639/00', 239, 20263345976, 78);
INSERT INTO Comprador (RENSPA, idEstablecimiento, CUITPersona, idLocalidad) VALUES ('10.018.0.00183/00', 209, 20073615381, 78);
INSERT INTO Comprador (RENSPA, idEstablecimiento, CUITPersona, idLocalidad) VALUES ('10.019.0.00300/00', 341, 20073615381, 78);
INSERT INTO Comprador (RENSPA, idEstablecimiento, CUITPersona, idLocalidad) VALUES ('10.018.1.00937/02', 252, 20184262801, 78);
INSERT INTO Comprador (RENSPA, idEstablecimiento, CUITPersona, idLocalidad) VALUES ('10.021.0.00786/02', 245, 20184262801, 78);
INSERT INTO Comprador (RENSPA, idEstablecimiento, CUITPersona, idLocalidad) VALUES ('10.018.0.00332/00', 274, 20066304648, 140);
INSERT INTO Comprador (RENSPA, idEstablecimiento, CUITPersona, idLocalidad) VALUES ('10.019.0.00991/01', 270, 23223088309, 57);
INSERT INTO Comprador (RENSPA, idEstablecimiento, CUITPersona, idLocalidad) VALUES ('03.008.0.00313/00', 193, 30707291393, 86);
INSERT INTO Comprador (RENSPA, idEstablecimiento, CUITPersona, idLocalidad) VALUES ('03.014.2.00008/0J-2016', NULL, 30508022502, 154);
INSERT INTO Comprador (RENSPA, idEstablecimiento, CUITPersona, idLocalidad) VALUES ('10.019.0.03030/00', 94, 30659276271, 78);
INSERT INTO Comprador (RENSPA, idEstablecimiento, CUITPersona, idLocalidad) VALUES ('10.019.0.00839/01', 94, 30710048041, 78);
INSERT INTO Comprador (RENSPA, idEstablecimiento, CUITPersona, idLocalidad) VALUES ('03.008.0.02065/00', 318, 30629889716, 7);
INSERT INTO Comprador (RENSPA, idEstablecimiento, CUITPersona, idLocalidad) VALUES ('20.006.3.02808/00', NULL, 33710989589, 37);
INSERT INTO Comprador (RENSPA, idEstablecimiento, CUITPersona, idLocalidad) VALUES ('01.115.0.00116/05', 297, 30715199684, 177);
INSERT INTO Comprador (RENSPA, idEstablecimiento, CUITPersona, idLocalidad) VALUES ('10.019.0.00016/02', 87, 20052676453, 78);
INSERT INTO Comprador (RENSPA, idEstablecimiento, CUITPersona, idLocalidad) VALUES ('10.018.0.00145/03', 101, 20052676453, 78);
INSERT INTO Comprador (RENSPA, idEstablecimiento, CUITPersona, idLocalidad) VALUES ('10.018.0.00649/02', 101, 23058618454, 78);
INSERT INTO Comprador (RENSPA, idEstablecimiento, CUITPersona, idLocalidad) VALUES ('10.018.0.00642/00', 298, 20107899546, 78);
INSERT INTO Comprador (RENSPA, idEstablecimiento, CUITPersona, idLocalidad) VALUES ('10.018.0.00288/04', 84, 20107899546, 78);
INSERT INTO Comprador (RENSPA, idEstablecimiento, CUITPersona, idLocalidad) VALUES ('10.019.0.00725/01', 159, 30694835097, 111);
INSERT INTO Comprador (RENSPA, idEstablecimiento, CUITPersona, idLocalidad) VALUES ('10.019.0.00725/00', 159, 30671610691, 111);
INSERT INTO Comprador (RENSPA, idEstablecimiento, CUITPersona, idLocalidad) VALUES ('10.019.0.00323/00', 330, 30671610691, 129);
INSERT INTO Comprador (RENSPA, idEstablecimiento, CUITPersona, idLocalidad) VALUES ('12.002.0.05242/01', NULL, 23119672139, 62);
INSERT INTO Comprador (RENSPA, idEstablecimiento, CUITPersona, idLocalidad) VALUES ('01.094.0.06139/01', 364, 30709313025, 147);
INSERT INTO Comprador (RENSPA, idEstablecimiento, CUITPersona, idLocalidad) VALUES ('03.005.2.06275/00', 309, 30683962062, 196);
INSERT INTO Comprador (RENSPA, idEstablecimiento, CUITPersona, idLocalidad) VALUES ('03.005.2.06104/04', 109, 30683962062, 196);
INSERT INTO Comprador (RENSPA, idEstablecimiento, CUITPersona, idLocalidad) VALUES ('18.009.0.00181/00', 238, 33711237599, 163);
INSERT INTO Comprador (RENSPA, idEstablecimiento, CUITPersona, idLocalidad) VALUES ('10.019.0.00724/00', NULL, 30624185427, 57);
INSERT INTO Comprador (RENSPA, idEstablecimiento, CUITPersona, idLocalidad) VALUES ('10.015.0.00163/00', NULL, 30711366748, 68);
INSERT INTO Comprador (RENSPA, idEstablecimiento, CUITPersona, idLocalidad) VALUES ('10.003.0.00041/00', NULL, 30678597194, 169);
INSERT INTO Comprador (RENSPA, idEstablecimiento, CUITPersona, idLocalidad) VALUES ('10.018.0.00189/00', 206, 20066492207, 140);
INSERT INTO Comprador (RENSPA, idEstablecimiento, CUITPersona, idLocalidad) VALUES ('10.019.0.00818/01', 177, 30714621560, 78);
INSERT INTO Comprador (RENSPA, idEstablecimiento, CUITPersona, idLocalidad) VALUES ('03.005.0.00003/00-2019', 407, 33610938529, 77);
INSERT INTO Comprador (RENSPA, idEstablecimiento, CUITPersona, idLocalidad) VALUES ('10.019.0.00589/02', 138, 20208302427, 78);
INSERT INTO Comprador (RENSPA, idEstablecimiento, CUITPersona, idLocalidad) VALUES ('01.034.0.00103/00', NULL, 20215759297, 104);
INSERT INTO Comprador (RENSPA, idEstablecimiento, CUITPersona, idLocalidad) VALUES ('10.018.1.01076/00', 29, 30618024055, 78);
INSERT INTO Comprador (RENSPA, idEstablecimiento, CUITPersona, idLocalidad) VALUES ('10.018.1.01078/00', 256, 30618024055, 78);
INSERT INTO Comprador (RENSPA, idEstablecimiento, CUITPersona, idLocalidad) VALUES ('10.021.0.00297/00', 238, 20108122278, 176);
INSERT INTO Comprador (RENSPA, idEstablecimiento, CUITPersona, idLocalidad) VALUES ('03.014.4.10566/00', 372, 20142308429, 2);
INSERT INTO Comprador (RENSPA, idEstablecimiento, CUITPersona, idLocalidad) VALUES ('10.019.0.00439/00', 148, 20073552991, 78);
INSERT INTO Comprador (RENSPA, idEstablecimiento, CUITPersona, idLocalidad) VALUES ('10.005.0.00105/09', 292, 30714299820, 149);
INSERT INTO Comprador (RENSPA, idEstablecimiento, CUITPersona, idLocalidad) VALUES ('10.018.0.00194/00', 144, 20113452278, 78);
INSERT INTO Comprador (RENSPA, idEstablecimiento, CUITPersona, idLocalidad) VALUES ('10.018.0.00194/11', 144, 20316008888, 78);
INSERT INTO Comprador (RENSPA, idEstablecimiento, CUITPersona, idLocalidad) VALUES ('10.018.0.00196/02', 392, 20179599490, 78);
INSERT INTO Comprador (RENSPA, idEstablecimiento, CUITPersona, idLocalidad) VALUES ('03.015.0.03418/00', 19, 20213575814, 35);
INSERT INTO Comprador (RENSPA, idEstablecimiento, CUITPersona, idLocalidad) VALUES ('01.104.0.00024/00', NULL, 33709922489, 160);
INSERT INTO Comprador (RENSPA, idEstablecimiento, CUITPersona, idLocalidad) VALUES ('01.013.0.00036/00', NULL, 30710981813, 158);
INSERT INTO Comprador (RENSPA, idEstablecimiento, CUITPersona, idLocalidad) VALUES ('03.014.0.00432/00', NULL, 30708465646, 45);
INSERT INTO Comprador (RENSPA, idEstablecimiento, CUITPersona, idLocalidad) VALUES ('10.015.0.00163/00', NULL, 30585790822, 68);
INSERT INTO Comprador (RENSPA, idEstablecimiento, CUITPersona, idLocalidad) VALUES ('10.021.0,00175/00', NULL, 30585790822, 176);
INSERT INTO Comprador (RENSPA, idEstablecimiento, CUITPersona, idLocalidad) VALUES ('01.059.0.00164/00', NULL, 30594924297, 84);
INSERT INTO Comprador (RENSPA, idEstablecimiento, CUITPersona, idLocalidad) VALUES ('12.014.0.00190/00', NULL, 30714499714, 71);
INSERT INTO Comprador (RENSPA, idEstablecimiento, CUITPersona, idLocalidad) VALUES ('03.021.0.00098/00', NULL, 30500689443, 173);
INSERT INTO Comprador (RENSPA, idEstablecimiento, CUITPersona, idLocalidad) VALUES ('01.045.0.00145/00', NULL, 30597318584, 87);
INSERT INTO Comprador (RENSPA, idEstablecimiento, CUITPersona, idLocalidad) VALUES ('01.102.0.00073/00', NULL, 30516241612, 157);
INSERT INTO Comprador (RENSPA, idEstablecimiento, CUITPersona, idLocalidad) VALUES ('12.015.0.00194/00', NULL, 30581619800, 166);
INSERT INTO Comprador (RENSPA, idEstablecimiento, CUITPersona, idLocalidad) VALUES ('20.006.3.00097/02', NULL, 30714752355, 161);
INSERT INTO Comprador (RENSPA, idEstablecimiento, CUITPersona, idLocalidad) VALUES ('10.021.0.00175/00', NULL, 33625552619, 176);
INSERT INTO Comprador (RENSPA, idEstablecimiento, CUITPersona, idLocalidad) VALUES ('10.015.0.00163/00', NULL, 33625552619, 68);
INSERT INTO Comprador (RENSPA, idEstablecimiento, CUITPersona, idLocalidad) VALUES ('01.104.0.00027/00', NULL, 30715208985, 160);
INSERT INTO Comprador (RENSPA, idEstablecimiento, CUITPersona, idLocalidad) VALUES ('10.019.0.00526/00', 142, 20164816738, 78);
INSERT INTO Comprador (RENSPA, idEstablecimiento, CUITPersona, idLocalidad) VALUES ('10.018.0.00693/02', 106, 20052676348, 78);
INSERT INTO Comprador (RENSPA, idEstablecimiento, CUITPersona, idLocalidad) VALUES ('10.018.0.00169/02', 20, 20052676348, 129);
INSERT INTO Comprador (RENSPA, idEstablecimiento, CUITPersona, idLocalidad) VALUES ('10.018.0.00693/01', 106, 20103425582, 78);
INSERT INTO Comprador (RENSPA, idEstablecimiento, CUITPersona, idLocalidad) VALUES ('10.019.0.00691/02', 185, 20103425582, 78);
INSERT INTO Comprador (RENSPA, idEstablecimiento, CUITPersona, idLocalidad) VALUES ('10.021.0.00440/00', 390, 23144526139, 176);
INSERT INTO Comprador (RENSPA, idEstablecimiento, CUITPersona, idLocalidad) VALUES ('10.021.0.00426/01', 390, 23144526139, 176);
INSERT INTO Comprador (RENSPA, idEstablecimiento, CUITPersona, idLocalidad) VALUES ('10.019.0.00691/02', 185, 20073333890, 78);
INSERT INTO Comprador (RENSPA, idEstablecimiento, CUITPersona, idLocalidad) VALUES ('12,008,0,01516/00', NULL, 20287974060, 178);
INSERT INTO Comprador (RENSPA, idEstablecimiento, CUITPersona, idLocalidad) VALUES ('10.018.1.00096/01', 356, 20345926047, 26);
INSERT INTO Comprador (RENSPA, idEstablecimiento, CUITPersona, idLocalidad) VALUES ('10.018.1.00120/01', 29, 20100750660, 26);
INSERT INTO Comprador (RENSPA, idEstablecimiento, CUITPersona, idLocalidad) VALUES ('03.014.0.00432/00', NULL, 20239779027, 45);
INSERT INTO Comprador (RENSPA, idEstablecimiento, CUITPersona, idLocalidad) VALUES ('10.021.0.00175/00', NULL, 20239779027, 176);
INSERT INTO Comprador (RENSPA, idEstablecimiento, CUITPersona, idLocalidad) VALUES ('10.014.0.01358/00', 201, 20239779027, 188);
INSERT INTO Comprador (RENSPA, idEstablecimiento, CUITPersona, idLocalidad) VALUES ('10.018.0.00487/00', 175, 20079443388, 78);
INSERT INTO Comprador (RENSPA, idEstablecimiento, CUITPersona, idLocalidad) VALUES ('10.019.0.00889/00', 241, 20073693595, 78);
INSERT INTO Comprador (RENSPA, idEstablecimiento, CUITPersona, idLocalidad) VALUES ('01.101.0.00540/0B', NULL, 30714734446, 156);
INSERT INTO Comprador (RENSPA, idEstablecimiento, CUITPersona, idLocalidad) VALUES ('20.004.0.01700/00', 37, 30708575417, 116);
INSERT INTO Comprador (RENSPA, idEstablecimiento, CUITPersona, idLocalidad) VALUES ('01.079.0.00044/00', NULL, 33707409059, 123);
INSERT INTO Comprador (RENSPA, idEstablecimiento, CUITPersona, idLocalidad) VALUES ('10.019.0.00174/00', 333, 27041532101, 78);
INSERT INTO Comprador (RENSPA, idEstablecimiento, CUITPersona, idLocalidad) VALUES ('10.018.0.00556/03', 81, 20204786780, 78);
INSERT INTO Comprador (RENSPA, idEstablecimiento, CUITPersona, idLocalidad) VALUES ('10.018.0.00436/01', 260, 20086050545, 78);
INSERT INTO Comprador (RENSPA, idEstablecimiento, CUITPersona, idLocalidad) VALUES ('10.018.0.00968/01', 248, 20086050545, 131);
INSERT INTO Comprador (RENSPA, idEstablecimiento, CUITPersona, idLocalidad) VALUES ('10.018.0.00556/02', 81, 20073562393, 78);
INSERT INTO Comprador (RENSPA, idEstablecimiento, CUITPersona, idLocalidad) VALUES ('10.019.0.00627/00', 359, 23083677589, 78);
INSERT INTO Comprador (RENSPA, idEstablecimiento, CUITPersona, idLocalidad) VALUES ('10.019.0.00939/01', 114, 23083677589, 111);
INSERT INTO Comprador (RENSPA, idEstablecimiento, CUITPersona, idLocalidad) VALUES ('10.018.0.00473/00', 171, 27048778947, 78);
INSERT INTO Comprador (RENSPA, idEstablecimiento, CUITPersona, idLocalidad) VALUES ('10.018.0.00653/00', 53, 27048778947, 78);
INSERT INTO Comprador (RENSPA, idEstablecimiento, CUITPersona, idLocalidad) VALUES ('10.018.0.00541/00', 370, 20223928316, 129);
INSERT INTO Comprador (RENSPA, idEstablecimiento, CUITPersona, idLocalidad) VALUES ('10.018.0.00541/00', 370, 20223928316, 129);
INSERT INTO Comprador (RENSPA, idEstablecimiento, CUITPersona, idLocalidad) VALUES ('03.005.0.00086/00', 136, 30709936650, 77);
INSERT INTO Comprador (RENSPA, idEstablecimiento, CUITPersona, idLocalidad) VALUES ('10.018.1.00064/0', 321, 30714108731, 78);
INSERT INTO Comprador (RENSPA, idEstablecimiento, CUITPersona, idLocalidad) VALUES ('10.019.0.00194/00', 261, 23052676509, 78);
INSERT INTO Comprador (RENSPA, idEstablecimiento, CUITPersona, idLocalidad) VALUES ('03.005.4.07152/01', NULL, 20084012573, 193);
INSERT INTO Comprador (RENSPA, idEstablecimiento, CUITPersona, idLocalidad) VALUES ('18.006.2.40096/08', 261, 20100547334, 114);
INSERT INTO Comprador (RENSPA, idEstablecimiento, CUITPersona, idLocalidad) VALUES ('10.019.0.00958/01', 77, 20100547334, 78);
INSERT INTO Comprador (RENSPA, idEstablecimiento, CUITPersona, idLocalidad) VALUES ('01.059.0.00164/00', NULL, 33714356459, 84);
INSERT INTO Comprador (RENSPA, idEstablecimiento, CUITPersona, idLocalidad) VALUES ('10.019.0.00481/00', 331, 30645051277, 78);
INSERT INTO Comprador (RENSPA, idEstablecimiento, CUITPersona, idLocalidad) VALUES ('01.040.0.00447/00', NULL, 30638910582, 12);
INSERT INTO Comprador (RENSPA, idEstablecimiento, CUITPersona, idLocalidad) VALUES ('10.018.1.00013/01', 25, 20160506513, 78);
INSERT INTO Comprador (RENSPA, idEstablecimiento, CUITPersona, idLocalidad) VALUES ('10.018.0.00208/00', 400, 20076916994, 78);
INSERT INTO Comprador (RENSPA, idEstablecimiento, CUITPersona, idLocalidad) VALUES ('10.018.0.00175/01', 400, 27064189765, 78);
INSERT INTO Comprador (RENSPA, idEstablecimiento, CUITPersona, idLocalidad) VALUES ('10.018.0.00531/00', 72, 20232287072, 78);
INSERT INTO Comprador (RENSPA, idEstablecimiento, CUITPersona, idLocalidad) VALUES ('10.018.1.00211/03', 167, 27162133204, 88);
INSERT INTO Comprador (RENSPA, idEstablecimiento, CUITPersona, idLocalidad) VALUES ('10.018.1.00211/01', 167, 27230401301, 88);
INSERT INTO Comprador (RENSPA, idEstablecimiento, CUITPersona, idLocalidad) VALUES ('10.018.1.00211/02', 167, 27174477200, 88);
INSERT INTO Comprador (RENSPA, idEstablecimiento, CUITPersona, idLocalidad) VALUES ('10.018.0.00211/00', 167, 20073324778, 88);
INSERT INTO Comprador (RENSPA, idEstablecimiento, CUITPersona, idLocalidad) VALUES ('10.021.0.00102/01', 399, 20132828955, 176);
INSERT INTO Comprador (RENSPA, idEstablecimiento, CUITPersona, idLocalidad) VALUES ('10.018.0.00391/00', 132, 20106286222, 129);
INSERT INTO Comprador (RENSPA, idEstablecimiento, CUITPersona, idLocalidad) VALUES ('07.015.0.04775/00', 203, 30710697236, 186);
INSERT INTO Comprador (RENSPA, idEstablecimiento, CUITPersona, idLocalidad) VALUES ('01.026.0.00700/00', NULL, 30601204580, 46);
INSERT INTO Comprador (RENSPA, idEstablecimiento, CUITPersona, idLocalidad) VALUES ('10.019.0.00110/00', 377, 20083850753, 78);
INSERT INTO Comprador (RENSPA, idEstablecimiento, CUITPersona, idLocalidad) VALUES ('10.018.0.00515/00', 197, 30711534470, 78);
INSERT INTO Comprador (RENSPA, idEstablecimiento, CUITPersona, idLocalidad) VALUES ('01.048.0.00194/01', NULL, 30711534470, 69);
INSERT INTO Comprador (RENSPA, idEstablecimiento, CUITPersona, idLocalidad) VALUES ('10.018.0.00247/06', 126, 30711534470, 140);
INSERT INTO Comprador (RENSPA, idEstablecimiento, CUITPersona, idLocalidad) VALUES ('01.099.0.00328/00', NULL, 30714079650, 153);
INSERT INTO Comprador (RENSPA, idEstablecimiento, CUITPersona, idLocalidad) VALUES ('10.019.0.00200/00', 115, 20080109424, 57);
INSERT INTO Comprador (RENSPA, idEstablecimiento, CUITPersona, idLocalidad) VALUES ('10.005.0.00195/02', 233, 20182620522, 42);
INSERT INTO Comprador (RENSPA, idEstablecimiento, CUITPersona, idLocalidad) VALUES ('03.005.1.03212/00', NULL, 30668766699, 52);
INSERT INTO Comprador (RENSPA, idEstablecimiento, CUITPersona, idLocalidad) VALUES ('03.005.0.00331/00', NULL, 27117959932, 77);
INSERT INTO Comprador (RENSPA, idEstablecimiento, CUITPersona, idLocalidad) VALUES ('10.018.0.00239/00', 194, 27045039523, 78);
INSERT INTO Comprador (RENSPA, idEstablecimiento, CUITPersona, idLocalidad) VALUES ('01.112.0.00069/00', NULL, 30687310434, 115);
INSERT INTO Comprador (RENSPA, idEstablecimiento, CUITPersona, idLocalidad) VALUES ('03.005.4.00001/00-18', NULL, 20108424428, 193);
INSERT INTO Comprador (RENSPA, idEstablecimiento, CUITPersona, idLocalidad) VALUES ('10.004.0.00386/01', NULL, 20073622434, 182);
INSERT INTO Comprador (RENSPA, idEstablecimiento, CUITPersona, idLocalidad) VALUES ('10.018.0.00216/00', 231, 30648269877, 78);
INSERT INTO Comprador (RENSPA, idEstablecimiento, CUITPersona, idLocalidad) VALUES ('01.085.0.00239/00', 182, 30648269877, 60);
INSERT INTO Comprador (RENSPA, idEstablecimiento, CUITPersona, idLocalidad) VALUES ('12.007.0.00003/00', NULL, 30708121998, 92);
INSERT INTO Comprador (RENSPA, idEstablecimiento, CUITPersona, idLocalidad) VALUES ('10.005.0.00292/00', 303, 30563312730, 55);
INSERT INTO Comprador (RENSPA, idEstablecimiento, CUITPersona, idLocalidad) VALUES ('10.008.0.00427/00', 340, 20231723235, 80);
INSERT INTO Comprador (RENSPA, idEstablecimiento, CUITPersona, idLocalidad) VALUES ('10.022.0.00754/02', NULL, 30671687325, 15);
INSERT INTO Comprador (RENSPA, idEstablecimiento, CUITPersona, idLocalidad) VALUES ('10.001.0.20428/00', 196, 30671687325, 174);
INSERT INTO Comprador (RENSPA, idEstablecimiento, CUITPersona, idLocalidad) VALUES ('10.018.1.00514/15', 284, 30710758510, 88);
INSERT INTO Comprador (RENSPA, idEstablecimiento, CUITPersona, idLocalidad) VALUES ('01.054.1.00929/00', 220, 30590397160, 132);
INSERT INTO Comprador (RENSPA, idEstablecimiento, CUITPersona, idLocalidad) VALUES ('03.001.0.00445/01', 188, 30641193514, 155);
INSERT INTO Comprador (RENSPA, idEstablecimiento, CUITPersona, idLocalidad) VALUES ('10.018.0.00217/00', 100, 33520308089, 78);
INSERT INTO Comprador (RENSPA, idEstablecimiento, CUITPersona, idLocalidad) VALUES ('01.064.0.00135/00', 226, 20334329578, 99);
INSERT INTO Comprador (RENSPA, idEstablecimiento, CUITPersona, idLocalidad) VALUES ('03.005.0.00073/00', 382, 30511785142, 77);
INSERT INTO Comprador (RENSPA, idEstablecimiento, CUITPersona, idLocalidad) VALUES ('03.014.0.00939/00', 201, 30715845896, 93);
INSERT INTO Comprador (RENSPA, idEstablecimiento, CUITPersona, idLocalidad) VALUES ('03.014.1.02965/02', 152, 30715845896, 93);
INSERT INTO Comprador (RENSPA, idEstablecimiento, CUITPersona, idLocalidad) VALUES ('10.018.0.00453/00', 146, 20073615276, 78);
INSERT INTO Comprador (RENSPA, idEstablecimiento, CUITPersona, idLocalidad) VALUES ('10.019.0.00886/01', 215, 20073615276, 78);
INSERT INTO Comprador (RENSPA, idEstablecimiento, CUITPersona, idLocalidad) VALUES ('10.019.0.00300/03', 341, 20073615276, 78);
INSERT INTO Comprador (RENSPA, idEstablecimiento, CUITPersona, idLocalidad) VALUES ('10.019.0.01008/00', 216, 30649250592, 78);
INSERT INTO Comprador (RENSPA, idEstablecimiento, CUITPersona, idLocalidad) VALUES ('10.019.0.00958/00', 77, 30694867517, 78);
INSERT INTO Comprador (RENSPA, idEstablecimiento, CUITPersona, idLocalidad) VALUES ('10.018.0.00409/00', 325, 30709257818, 78);
INSERT INTO Comprador (RENSPA, idEstablecimiento, CUITPersona, idLocalidad) VALUES ('10.018.0.00159/01', 301, 30709257818, 78);
INSERT INTO Comprador (RENSPA, idEstablecimiento, CUITPersona, idLocalidad) VALUES ('01.098.0.01881/00', NULL, 30618916231, 151);
INSERT INTO Comprador (RENSPA, idEstablecimiento, CUITPersona, idLocalidad) VALUES ('03.014.0.00238/00', NULL, 30710138911, 93);
INSERT INTO Comprador (RENSPA, idEstablecimiento, CUITPersona, idLocalidad) VALUES ('10.018.0.00220/03', 69, 27166182498, 78);
INSERT INTO Comprador (RENSPA, idEstablecimiento, CUITPersona, idLocalidad) VALUES ('10.018.0.00041/00', 285, 27058618247, 78);
INSERT INTO Comprador (RENSPA, idEstablecimiento, CUITPersona, idLocalidad) VALUES ('10.018.1.00031/04', 69, 20073615241, 78);
INSERT INTO Comprador (RENSPA, idEstablecimiento, CUITPersona, idLocalidad) VALUES ('10.021.0.00392/01', 243, 20073615241, 78);
INSERT INTO Comprador (RENSPA, idEstablecimiento, CUITPersona, idLocalidad) VALUES ('10.018.0.00218/01', 349, 20073679029, 78);
INSERT INTO Comprador (RENSPA, idEstablecimiento, CUITPersona, idLocalidad) VALUES ('10.018.1.00888/01', 346, 27048778653, 78);
INSERT INTO Comprador (RENSPA, idEstablecimiento, CUITPersona, idLocalidad) VALUES ('10.018.0.00221/00', 12, 33639669960, 78);
INSERT INTO Comprador (RENSPA, idEstablecimiento, CUITPersona, idLocalidad) VALUES ('03.014.3.12037/00', NULL, 20066504361, 189);
INSERT INTO Comprador (RENSPA, idEstablecimiento, CUITPersona, idLocalidad) VALUES ('12.017.0.00081/00', NULL, 30708573805, 194);
INSERT INTO Comprador (RENSPA, idEstablecimiento, CUITPersona, idLocalidad) VALUES ('01.077.0.00612/00', NULL, 20048478612, 165);
INSERT INTO Comprador (RENSPA, idEstablecimiento, CUITPersona, idLocalidad) VALUES ('01.002.0.00680/00', NULL, 30561087276, 4);
INSERT INTO Comprador (RENSPA, idEstablecimiento, CUITPersona, idLocalidad) VALUES ('01.069.0.00056/00', NULL, 20222709017, 127);
INSERT INTO Comprador (RENSPA, idEstablecimiento, CUITPersona, idLocalidad) VALUES ('03.004.0.00766/02', 381, 30708748346, 117);
INSERT INTO Comprador (RENSPA, idEstablecimiento, CUITPersona, idLocalidad) VALUES ('10.019.0.00829/00', NULL, 20055363197, 78);
INSERT INTO Comprador (RENSPA, idEstablecimiento, CUITPersona, idLocalidad) VALUES ('10.019.0.00041/03', NULL, 20339244015, 111);
INSERT INTO Comprador (RENSPA, idEstablecimiento, CUITPersona, idLocalidad) VALUES ('18.005.0.00046/00', NULL, 30712249915, 118);
INSERT INTO Comprador (RENSPA, idEstablecimiento, CUITPersona, idLocalidad) VALUES ('01.027.0.00156/00', 355, 33693146149, 49);
INSERT INTO Comprador (RENSPA, idEstablecimiento, CUITPersona, idLocalidad) VALUES ('01.027.0.00156/00', NULL, 33693146149, 47);
INSERT INTO Comprador (RENSPA, idEstablecimiento, CUITPersona, idLocalidad) VALUES ('10.019.0.00477/00', 46, 27009841909, 78);
INSERT INTO Comprador (RENSPA, idEstablecimiento, CUITPersona, idLocalidad) VALUES ('18.006.0.30480/00', NULL, 30708121386, 53);
INSERT INTO Comprador (RENSPA, idEstablecimiento, CUITPersona, idLocalidad) VALUES ('10.018.1.00013/00', 25, 30622946811, 78);
INSERT INTO Comprador (RENSPA, idEstablecimiento, CUITPersona, idLocalidad) VALUES ('10.018.0.00531/00', 317, 30622946811, 78);
INSERT INTO Comprador (RENSPA, idEstablecimiento, CUITPersona, idLocalidad) VALUES ('10.018.0.00227/01', 120, 20166181861, 78);
INSERT INTO Comprador (RENSPA, idEstablecimiento, CUITPersona, idLocalidad) VALUES ('10.018.0.00227/02', 120, 20218705236, 78);
INSERT INTO Comprador (RENSPA, idEstablecimiento, CUITPersona, idLocalidad) VALUES ('10.019.0.00807/02', 76, 27137938958, 78);
INSERT INTO Comprador (RENSPA, idEstablecimiento, CUITPersona, idLocalidad) VALUES ('12.017.0.00957/00', NULL, 30709822523, 28);
INSERT INTO Comprador (RENSPA, idEstablecimiento, CUITPersona, idLocalidad) VALUES ('01.075.0.01112/00', NULL, 30663416975, 118);
INSERT INTO Comprador (RENSPA, idEstablecimiento, CUITPersona, idLocalidad) VALUES ('12.004.0.00130/00', NULL, 30539592676, 194);
INSERT INTO Comprador (RENSPA, idEstablecimiento, CUITPersona, idLocalidad) VALUES ('10.021.0.00180/00', 90, 27058618670, 78);
INSERT INTO Comprador (RENSPA, idEstablecimiento, CUITPersona, idLocalidad) VALUES ('20.004.0.01700/85', 37, 33708906269, 124);
INSERT INTO Comprador (RENSPA, idEstablecimiento, CUITPersona, idLocalidad) VALUES ('12.015.0.01018/01', 195, 33503850929, 166);
INSERT INTO Comprador (RENSPA, idEstablecimiento, CUITPersona, idLocalidad) VALUES ('17.010.0.00417/00', NULL, 20270433740, 135);
INSERT INTO Comprador (RENSPA, idEstablecimiento, CUITPersona, idLocalidad) VALUES ('18.006.0.00003/03-2018', NULL, 23066466639, 24);
INSERT INTO Comprador (RENSPA, idEstablecimiento, CUITPersona, idLocalidad) VALUES ('10.018.0.00232/01', 160, 30707482075, 78);
INSERT INTO Comprador (RENSPA, idEstablecimiento, CUITPersona, idLocalidad) VALUES ('10.018.0.00277/00', 51, 27066321199, 78);
INSERT INTO Comprador (RENSPA, idEstablecimiento, CUITPersona, idLocalidad) VALUES ('12.002.0.14416/00', NULL, 30999074916, 62);
INSERT INTO Comprador (RENSPA, idEstablecimiento, CUITPersona, idLocalidad) VALUES ('12.015.0.00194/00', 192, 20133952005, 32);
INSERT INTO Comprador (RENSPA, idEstablecimiento, CUITPersona, idLocalidad) VALUES ('20.006.3.03105/02', NULL, 30711036764, 37);
INSERT INTO Comprador (RENSPA, idEstablecimiento, CUITPersona, idLocalidad) VALUES ('10.019.0.00', 279, 20257830722, 78);
INSERT INTO Comprador (RENSPA, idEstablecimiento, CUITPersona, idLocalidad) VALUES ('10.021.0.00063/01', 147, 20105364157, 176);
INSERT INTO Comprador (RENSPA, idEstablecimiento, CUITPersona, idLocalidad) VALUES ('10.018.0.00520/00', 50, 20128463896, 78);
INSERT INTO Comprador (RENSPA, idEstablecimiento, CUITPersona, idLocalidad) VALUES ('12.017.0.00957/00', NULL, 20249002217, 180);
INSERT INTO Comprador (RENSPA, idEstablecimiento, CUITPersona, idLocalidad) VALUES ('10.008.0.0015/00', 380, 30511857690, 80);
INSERT INTO Comprador (RENSPA, idEstablecimiento, CUITPersona, idLocalidad) VALUES ('10.018.1.01074/05', 343, 30711210608, 78);
INSERT INTO Comprador (RENSPA, idEstablecimiento, CUITPersona, idLocalidad) VALUES ('12.015.0.007200/1', NULL, 20257830714, 82);
INSERT INTO Comprador (RENSPA, idEstablecimiento, CUITPersona, idLocalidad) VALUES ('03.005.01.03123/01', NULL, 30709038792, 52);
INSERT INTO Comprador (RENSPA, idEstablecimiento, CUITPersona, idLocalidad) VALUES ('10.018.0.000679/00', 67, 30671563391, 129);
INSERT INTO Comprador (RENSPA, idEstablecimiento, CUITPersona, idLocalidad) VALUES ('03.018.0.05680/01', 124, 20185403077, 191);
INSERT INTO Comprador (RENSPA, idEstablecimiento, CUITPersona, idLocalidad) VALUES ('10-018-0-00288/06', 84, 20137938260, 78);
INSERT INTO Comprador (RENSPA, idEstablecimiento, CUITPersona, idLocalidad) VALUES ('01.104.0.00024/00', NULL, 30688400240, 160);
INSERT INTO Comprador (RENSPA, idEstablecimiento, CUITPersona, idLocalidad) VALUES ('03.012.1.30998/00', NULL, 27141457913, 66);
INSERT INTO Comprador (RENSPA, idEstablecimiento, CUITPersona, idLocalidad) VALUES ('10.008.0.00821/02', 247, 2077584812, 75);
INSERT INTO Comprador (RENSPA, idEstablecimiento, CUITPersona, idLocalidad) VALUES ('01.097.0.00823/00', 176, 30664882007, 150);
INSERT INTO Comprador (RENSPA, idEstablecimiento, CUITPersona, idLocalidad) VALUES ('10.018.0.00247/07', NULL, 30714246999, 78);
INSERT INTO Comprador (RENSPA, idEstablecimiento, CUITPersona, idLocalidad) VALUES ('10.021.0.00231/00', 44, 23214296349, 10);
INSERT INTO Comprador (RENSPA, idEstablecimiento, CUITPersona, idLocalidad) VALUES ('01.102.0.00073/00', NULL, 30714368571, 157);
INSERT INTO Comprador (RENSPA, idEstablecimiento, CUITPersona, idLocalidad) VALUES ('01.133.0.00076/00', NULL, 30714327417, 106);
INSERT INTO Comprador (RENSPA, idEstablecimiento, CUITPersona, idLocalidad) VALUES ('03.014.2.00392/03', NULL, 30708459581, 45);
INSERT INTO Comprador (RENSPA, idEstablecimiento, CUITPersona, idLocalidad) VALUES ('01.114.0.02412/02', NULL, 30695901573, 175);
INSERT INTO Comprador (RENSPA, idEstablecimiento, CUITPersona, idLocalidad) VALUES ('10.015.0.00786/01', 202, 30714656038, 68);
INSERT INTO Comprador (RENSPA, idEstablecimiento, CUITPersona, idLocalidad) VALUES ('10.019.0.00301/00', 310, 20117225047, 78);
INSERT INTO Comprador (RENSPA, idEstablecimiento, CUITPersona, idLocalidad) VALUES ('10.019.0.00090/00', 234, 20137938457, 78);
INSERT INTO Comprador (RENSPA, idEstablecimiento, CUITPersona, idLocalidad) VALUES ('10.021.0.00417/01', 390, 20262379974, 176);
INSERT INTO Comprador (RENSPA, idEstablecimiento, CUITPersona, idLocalidad) VALUES ('10.018.0.00263/05', 223, 20179378664, 78);
INSERT INTO Comprador (RENSPA, idEstablecimiento, CUITPersona, idLocalidad) VALUES ('01.020.0.00469/03', NULL, 20237118007, 30);
INSERT INTO Comprador (RENSPA, idEstablecimiento, CUITPersona, idLocalidad) VALUES ('10.018.0.00250/03', 218, 20073654158, 78);
INSERT INTO Comprador (RENSPA, idEstablecimiento, CUITPersona, idLocalidad) VALUES ('10.019.0.00944/01', 127, 20073654158, 78);
INSERT INTO Comprador (RENSPA, idEstablecimiento, CUITPersona, idLocalidad) VALUES ('10.019.0.00810/00', 97, 27009841666, 78);
INSERT INTO Comprador (RENSPA, idEstablecimiento, CUITPersona, idLocalidad) VALUES ('10.09.0.01005/01', 361, 27009841666, 78);
INSERT INTO Comprador (RENSPA, idEstablecimiento, CUITPersona, idLocalidad) VALUES ('10.018.0.00251/03', 173, 23233884499, 78);
INSERT INTO Comprador (RENSPA, idEstablecimiento, CUITPersona, idLocalidad) VALUES ('10.018.0.00251/00', 173, 23073615089, 78);
INSERT INTO Comprador (RENSPA, idEstablecimiento, CUITPersona, idLocalidad) VALUES ('10.018.0.00889/01', 117, 20113452162, 78);
INSERT INTO Comprador (RENSPA, idEstablecimiento, CUITPersona, idLocalidad) VALUES ('10.019.0.00947/00', 229, 30639217759, 78);
INSERT INTO Comprador (RENSPA, idEstablecimiento, CUITPersona, idLocalidad) VALUES ('10.018.0.00255/00', 321, 23144995619, 78);
INSERT INTO Comprador (RENSPA, idEstablecimiento, CUITPersona, idLocalidad) VALUES ('10.019.0.00039/00', 406, 23144995619, 78);
INSERT INTO Comprador (RENSPA, idEstablecimiento, CUITPersona, idLocalidad) VALUES ('10.018.0.00497/00', 91, 20042372251, 78);
INSERT INTO Comprador (RENSPA, idEstablecimiento, CUITPersona, idLocalidad) VALUES ('10.018.0.00491/00', 61, 20121249392, 78);
INSERT INTO Comprador (RENSPA, idEstablecimiento, CUITPersona, idLocalidad) VALUES ('10.019.0.04023/00', 51, 30632093108, 78);
INSERT INTO Comprador (RENSPA, idEstablecimiento, CUITPersona, idLocalidad) VALUES ('10.018.0.00649/03', 101, 20286187030, 78);
INSERT INTO Comprador (RENSPA, idEstablecimiento, CUITPersona, idLocalidad) VALUES ('10.018.0.00257/01', 334, 20073579261, 78);
INSERT INTO Comprador (RENSPA, idEstablecimiento, CUITPersona, idLocalidad) VALUES ('10.015.0.00313/01', 198, 20180538187, 185);
INSERT INTO Comprador (RENSPA, idEstablecimiento, CUITPersona, idLocalidad) VALUES ('18,006,1,20060/05', NULL, 30619710866, 16);
INSERT INTO Comprador (RENSPA, idEstablecimiento, CUITPersona, idLocalidad) VALUES ('10.019.0.00285/02', 352, 27042987919, 78);
INSERT INTO Comprador (RENSPA, idEstablecimiento, CUITPersona, idLocalidad) VALUES ('03.014.1.03551/02', 228, 23219138229, 146);
INSERT INTO Comprador (RENSPA, idEstablecimiento, CUITPersona, idLocalidad) VALUES ('10.019.0.00903/01', 339, 20314884788, 78);
INSERT INTO Comprador (RENSPA, idEstablecimiento, CUITPersona, idLocalidad) VALUES ('10.019.0.00927/03', 141, 20280131076, 143);
INSERT INTO Comprador (RENSPA, idEstablecimiento, CUITPersona, idLocalidad) VALUES ('10.019.0.00531/01', 150, 27104194562, 57);
INSERT INTO Comprador (RENSPA, idEstablecimiento, CUITPersona, idLocalidad) VALUES ('10.021.0.00307/00', 80, 20130467580, 10);
INSERT INTO Comprador (RENSPA, idEstablecimiento, CUITPersona, idLocalidad) VALUES ('17.008.0.00107/00', 116, 20216258860, 81);
INSERT INTO Comprador (RENSPA, idEstablecimiento, CUITPersona, idLocalidad) VALUES ('10.008.0.14733/00', NULL, 23280039314, 80);
INSERT INTO Comprador (RENSPA, idEstablecimiento, CUITPersona, idLocalidad) VALUES ('18.005.0.04450/15', NULL, 24140357673, 100);
INSERT INTO Comprador (RENSPA, idEstablecimiento, CUITPersona, idLocalidad) VALUES ('03.026.1.13140/02', 404, 33708506139, 17);
INSERT INTO Comprador (RENSPA, idEstablecimiento, CUITPersona, idLocalidad) VALUES ('10.015.0.01651/00', 201, 30506730038, 170);
INSERT INTO Comprador (RENSPA, idEstablecimiento, CUITPersona, idLocalidad) VALUES ('12.012.0.00194/00', NULL, 30715382403, 32);
INSERT INTO Comprador (RENSPA, idEstablecimiento, CUITPersona, idLocalidad) VALUES ('10.018.0.00260/00', 157, 20073523924, 78);
INSERT INTO Comprador (RENSPA, idEstablecimiento, CUITPersona, idLocalidad) VALUES ('10.021.0.00404/00', 305, 20162856384, 10);
INSERT INTO Comprador (RENSPA, idEstablecimiento, CUITPersona, idLocalidad) VALUES ('10.018.0.00439/00', 130, 20073615195, 78);
INSERT INTO Comprador (RENSPA, idEstablecimiento, CUITPersona, idLocalidad) VALUES ('10.018.0.00268/02', 61, 20263345682, 78);
INSERT INTO Comprador (RENSPA, idEstablecimiento, CUITPersona, idLocalidad) VALUES ('10.018.0.00266/03', 396, 23244431739, 78);
INSERT INTO Comprador (RENSPA, idEstablecimiento, CUITPersona, idLocalidad) VALUES ('10.018.0.00264/00', 133, 20073531765, 78);
INSERT INTO Comprador (RENSPA, idEstablecimiento, CUITPersona, idLocalidad) VALUES ('10.018.0.00265/00', 98, 20073656150, 78);
INSERT INTO Comprador (RENSPA, idEstablecimiento, CUITPersona, idLocalidad) VALUES ('10.018.0.00266/01', 396, 20238606021, 78);
INSERT INTO Comprador (RENSPA, idEstablecimiento, CUITPersona, idLocalidad) VALUES ('10.018.0.00268/00', 61, 20073666970, 78);
INSERT INTO Comprador (RENSPA, idEstablecimiento, CUITPersona, idLocalidad) VALUES ('10.018.0.00248/12', 323, 30709241679, 78);
INSERT INTO Comprador (RENSPA, idEstablecimiento, CUITPersona, idLocalidad) VALUES ('10.018.0.00670/08', 156, 30709241679, 78);
INSERT INTO Comprador (RENSPA, idEstablecimiento, CUITPersona, idLocalidad) VALUES ('03.009.0.30074/01', NULL, 30709241679, 79);
INSERT INTO Comprador (RENSPA, idEstablecimiento, CUITPersona, idLocalidad) VALUES ('10.018.1.00958/09', 304, 20274490854, 131);
INSERT INTO Comprador (RENSPA, idEstablecimiento, CUITPersona, idLocalidad) VALUES ('10.021.0.00137/01', 154, 20287734639, 176);
INSERT INTO Comprador (RENSPA, idEstablecimiento, CUITPersona, idLocalidad) VALUES ('10.021.0.00137/02', 154, 20265079521, 176);
INSERT INTO Comprador (RENSPA, idEstablecimiento, CUITPersona, idLocalidad) VALUES ('10.018.1.00955/00', 259, 23083674229, 131);
INSERT INTO Comprador (RENSPA, idEstablecimiento, CUITPersona, idLocalidad) VALUES ('01.108.0.00078/00', NULL, 30707916075, 6);
INSERT INTO Comprador (RENSPA, idEstablecimiento, CUITPersona, idLocalidad) VALUES ('01.060.0.00037/00', NULL, 30707916075, 83);
INSERT INTO Comprador (RENSPA, idEstablecimiento, CUITPersona, idLocalidad) VALUES ('10.018.0.00556/04', 81, 20052669007, 78);
INSERT INTO Comprador (RENSPA, idEstablecimiento, CUITPersona, idLocalidad) VALUES ('10.018.0.00270/00', 275, 20073656037, 78);
INSERT INTO Comprador (RENSPA, idEstablecimiento, CUITPersona, idLocalidad) VALUES ('01.056.0.00527/00', NULL, 20276673298, 22);
INSERT INTO Comprador (RENSPA, idEstablecimiento, CUITPersona, idLocalidad) VALUES ('10.018.0.00645/00', 248, 27009841720, 78);
INSERT INTO Comprador (RENSPA, idEstablecimiento, CUITPersona, idLocalidad) VALUES ('10.018.0.00504/00', 14, 20083677644, 78);
INSERT INTO Comprador (RENSPA, idEstablecimiento, CUITPersona, idLocalidad) VALUES ('10.019.0.00856/00', 236, 20107899821, 78);
INSERT INTO Comprador (RENSPA, idEstablecimiento, CUITPersona, idLocalidad) VALUES ('10.019.0.00856/01', 236, 30712066500, 78);
INSERT INTO Comprador (RENSPA, idEstablecimiento, CUITPersona, idLocalidad) VALUES ('10.018.1.00273/00', 246, 20073615063, 78);
INSERT INTO Comprador (RENSPA, idEstablecimiento, CUITPersona, idLocalidad) VALUES ('03.014.1.03205/18', NULL, 27247976162, 146);
INSERT INTO Comprador (RENSPA, idEstablecimiento, CUITPersona, idLocalidad) VALUES ('03.014.2.08672/06', NULL, 27247976162, 167);
INSERT INTO Comprador (RENSPA, idEstablecimiento, CUITPersona, idLocalidad) VALUES ('10.018.0.00281/02', 334, 20130086730, 78);
INSERT INTO Comprador (RENSPA, idEstablecimiento, CUITPersona, idLocalidad) VALUES ('03.005.0.00619/01', 34, 20262230059, 77);
INSERT INTO Comprador (RENSPA, idEstablecimiento, CUITPersona, idLocalidad) VALUES ('10.019.0.03030/01', 138, 20241589235, 78);
INSERT INTO Comprador (RENSPA, idEstablecimiento, CUITPersona, idLocalidad) VALUES ('10.018.1.00279/00', 357, 20077234048, 78);
INSERT INTO Comprador (RENSPA, idEstablecimiento, CUITPersona, idLocalidad) VALUES ('10.018.1.00279/01', 357, 20204423343, 78);
INSERT INTO Comprador (RENSPA, idEstablecimiento, CUITPersona, idLocalidad) VALUES ('20.012.0.00084/00', 201, 30560378056, 192);
INSERT INTO Comprador (RENSPA, idEstablecimiento, CUITPersona, idLocalidad) VALUES ('10.018.0.00282/01', 386, 20230880639, 78);
INSERT INTO Comprador (RENSPA, idEstablecimiento, CUITPersona, idLocalidad) VALUES ('10.019.0.00465/01', 89, 20073615101, 78);
INSERT INTO Comprador (RENSPA, idEstablecimiento, CUITPersona, idLocalidad) VALUES ('10.021.0.00315/01', 383, 20266104686, 78);
INSERT INTO Comprador (RENSPA, idEstablecimiento, CUITPersona, idLocalidad) VALUES ('10.019.0.00312/02', 55, 20266104686, 78);
INSERT INTO Comprador (RENSPA, idEstablecimiento, CUITPersona, idLocalidad) VALUES ('10.018.0.00281/00', 334, 20166182302, 78);
INSERT INTO Comprador (RENSPA, idEstablecimiento, CUITPersona, idLocalidad) VALUES ('10.019.0.00312/00', 55, 20073644489, 78);
INSERT INTO Comprador (RENSPA, idEstablecimiento, CUITPersona, idLocalidad) VALUES ('10.021.0.00315/00', 383, 20073644489, 78);
INSERT INTO Comprador (RENSPA, idEstablecimiento, CUITPersona, idLocalidad) VALUES ('10.018.0.00282/00', 386, 20073475393, 78);
INSERT INTO Comprador (RENSPA, idEstablecimiento, CUITPersona, idLocalidad) VALUES ('10.018.0.00519/00', 393, 20073475393, 78);
INSERT INTO Comprador (RENSPA, idEstablecimiento, CUITPersona, idLocalidad) VALUES ('10.018.0.00491/11', 61, 20073533989, 78);
INSERT INTO Comprador (RENSPA, idEstablecimiento, CUITPersona, idLocalidad) VALUES ('10.019.0.00595/00', 313, 20137909287, 57);
INSERT INTO Comprador (RENSPA, idEstablecimiento, CUITPersona, idLocalidad) VALUES ('10.019.0.00305/03', 61, 30707931716, 78);
INSERT INTO Comprador (RENSPA, idEstablecimiento, CUITPersona, idLocalidad) VALUES ('10.018.0.00540/00', 29, 20073615268, 78);
INSERT INTO Comprador (RENSPA, idEstablecimiento, CUITPersona, idLocalidad) VALUES ('10.018.0.00386/00', 273, 27043849951, 78);
INSERT INTO Comprador (RENSPA, idEstablecimiento, CUITPersona, idLocalidad) VALUES ('10.018.0.00248/14', 323, 27043849951, 78);
INSERT INTO Comprador (RENSPA, idEstablecimiento, CUITPersona, idLocalidad) VALUES ('10.018.0.00451/07', 262, 30710421370, 78);
INSERT INTO Comprador (RENSPA, idEstablecimiento, CUITPersona, idLocalidad) VALUES ('01.020.0.00150/00', 385, 30710421370, 30);
INSERT INTO Comprador (RENSPA, idEstablecimiento, CUITPersona, idLocalidad) VALUES ('03.014.4.09886/02', 68, 27065031227, 2);
INSERT INTO Comprador (RENSPA, idEstablecimiento, CUITPersona, idLocalidad) VALUES ('12.008.0.00009/00', NULL, 20343129689, 97);
INSERT INTO Comprador (RENSPA, idEstablecimiento, CUITPersona, idLocalidad) VALUES ('01.104.0.00027/00', NULL, 30686922673, 160);
INSERT INTO Comprador (RENSPA, idEstablecimiento, CUITPersona, idLocalidad) VALUES ('10.018.0.00288/03', 84, 27103425854, 78);
INSERT INTO Comprador (RENSPA, idEstablecimiento, CUITPersona, idLocalidad) VALUES ('10.018.0.00290/00', 27, 27144058262, 78);
INSERT INTO Comprador (RENSPA, idEstablecimiento, CUITPersona, idLocalidad) VALUES ('10.019.0.00287/00', 388, 20122450628, 3);
INSERT INTO Comprador (RENSPA, idEstablecimiento, CUITPersona, idLocalidad) VALUES ('03.026.2.00213/01', 308, 30716301415, 39);
INSERT INTO Comprador (RENSPA, idEstablecimiento, CUITPersona, idLocalidad) VALUES ('10.019.0.00442/01', 391, 20100749867, 78);
INSERT INTO Comprador (RENSPA, idEstablecimiento, CUITPersona, idLocalidad) VALUES ('10.014.0.01358/00', NULL, 30708244577, 188);
INSERT INTO Comprador (RENSPA, idEstablecimiento, CUITPersona, idLocalidad) VALUES ('01.030.0.00104/00', NULL, 30714019720, 36);
INSERT INTO Comprador (RENSPA, idEstablecimiento, CUITPersona, idLocalidad) VALUES ('10.019.0.00404/03', 43, 20179599369, 78);
INSERT INTO Comprador (RENSPA, idEstablecimiento, CUITPersona, idLocalidad) VALUES ('01.059.0.00160/00', 201, 30716219328, 84);
INSERT INTO Comprador (RENSPA, idEstablecimiento, CUITPersona, idLocalidad) VALUES ('01.097.0.00823/00', 176, 30664882007, 133);
INSERT INTO Comprador (RENSPA, idEstablecimiento, CUITPersona, idLocalidad) VALUES ('03.012.0.02820/00', 409, 30708565373, 195);
INSERT INTO Comprador (RENSPA, idEstablecimiento, CUITPersona, idLocalidad) VALUES ('01.030.0.00211/06', NULL, 20312711789, 19);
INSERT INTO Comprador (RENSPA, idEstablecimiento, CUITPersona, idLocalidad) VALUES ('01.036.0.00401/02', 137, 20241589235, 13);
INSERT INTO Comprador (RENSPA, idEstablecimiento, CUITPersona, idLocalidad) VALUES ('12.015.0.00574/07', 329, 20270384510, 120);
INSERT INTO Comprador (RENSPA, idEstablecimiento, CUITPersona, idLocalidad) VALUES ('07.012.0.00152/00', NULL, 33609706959, 128);
INSERT INTO Comprador (RENSPA, idEstablecimiento, CUITPersona, idLocalidad) VALUES ('12.007.0.00003/00', 210, 27209833080, 92);
INSERT INTO Comprador (RENSPA, idEstablecimiento, CUITPersona, idLocalidad) VALUES ('12.014.0.00190/00', NULL, 30714588733, NULL);
INSERT INTO Comprador (RENSPA, idEstablecimiento, CUITPersona, idLocalidad) VALUES ('10.018.0.00563/02', 22, 20111741221, 140);
INSERT INTO Comprador (RENSPA, idEstablecimiento, CUITPersona, idLocalidad) VALUES ('10.003.0.00093/00', NULL, 30678597194, 169);
INSERT INTO Comprador (RENSPA, idEstablecimiento, CUITPersona, idLocalidad) VALUES ('10.018.1.01062/00', 271, 30671607070, 78);
INSERT INTO Comprador (RENSPA, idEstablecimiento, CUITPersona, idLocalidad) VALUES ('01.105.0.00341/00', 204, 30527990773, 162);
INSERT INTO Comprador (RENSPA, idEstablecimiento, CUITPersona, idLocalidad) VALUES ('00.000.0.00000/0Z-2019', 363, 30692071898, NULL);
INSERT INTO Comprador (RENSPA, idEstablecimiento, CUITPersona, idLocalidad) VALUES ('01.034.0.00103/00', 192, 30711369119, 104);
INSERT INTO Comprador (RENSPA, idEstablecimiento, CUITPersona, idLocalidad) VALUES ('03.014.0.00172/00', 192, 20128631179, 45);
INSERT INTO Comprador (RENSPA, idEstablecimiento, CUITPersona, idLocalidad) VALUES ('10.015.0.00708/00', 208, 20136760581, 170);
INSERT INTO Comprador (RENSPA, idEstablecimiento, CUITPersona, idLocalidad) VALUES ('10.018.0.00628/02', 208, 23280098329, 129);
INSERT INTO Comprador (RENSPA, idEstablecimiento, CUITPersona, idLocalidad) VALUES ('12.008.0.01516/00', 192, 20148017175, 98);
INSERT INTO Comprador (RENSPA, idEstablecimiento, CUITPersona, idLocalidad) VALUES ('10.018.0.00553/00', 208, 30671623769, 140);
INSERT INTO Comprador (RENSPA, idEstablecimiento, CUITPersona, idLocalidad) VALUES ('10.019.0.00387/00', 267, 20121249392, 57);
INSERT INTO Comprador (RENSPA, idEstablecimiento, CUITPersona, idLocalidad) VALUES ('10.019.0.01012/00', NULL, 20183917332, 129);
INSERT INTO Comprador (RENSPA, idEstablecimiento, CUITPersona, idLocalidad) VALUES ('12.014.0.00190/00', 192, 20201133098, 163);
INSERT INTO Comprador (RENSPA, idEstablecimiento, CUITPersona, idLocalidad) VALUES ('12.014.0.00190/00', NULL, 30612160240, 163);
INSERT INTO Comprador (RENSPA, idEstablecimiento, CUITPersona, idLocalidad) VALUES ('03.019.0.01439/00', 192, 30669263267, 191);
INSERT INTO Comprador (RENSPA, idEstablecimiento, CUITPersona, idLocalidad) VALUES ('10.019.0.00010/00', 28, 33591936749, 9);
INSERT INTO Comprador (RENSPA, idEstablecimiento, CUITPersona, idLocalidad) VALUES ('03.014.1.02701/45', 403, 20382812728, 93);
INSERT INTO Comprador (RENSPA, idEstablecimiento, CUITPersona, idLocalidad) VALUES ('10.021.0.00758/08', 125, 20180538187, 176);
INSERT INTO Comprador (RENSPA, idEstablecimiento, CUITPersona, idLocalidad) VALUES ('10.021.0.00181/03', 29, 27161895992, 176);
INSERT INTO Comprador (RENSPA, idEstablecimiento, CUITPersona, idLocalidad) VALUES ('01.030.0.00104/00', 192, 30715995936, 36);
INSERT INTO Comprador (RENSPA, idEstablecimiento, CUITPersona, idLocalidad) VALUES ('12.010.0.00129/00', 192, 30710826176, 110);
INSERT INTO Comprador (RENSPA, idEstablecimiento, CUITPersona, idLocalidad) VALUES ('03.007.0.00347/05', 51, 20179029899, 51);
INSERT INTO Comprador (RENSPA, idEstablecimiento, CUITPersona, idLocalidad) VALUES ('17.011.0.00097/02', 354, 20282189926, 141);
INSERT INTO Comprador (RENSPA, idEstablecimiento, CUITPersona, idLocalidad) VALUES ('10.018.0.00099/04', 326, 20167122699, 129);
INSERT INTO Comprador (RENSPA, idEstablecimiento, CUITPersona, idLocalidad) VALUES ('12.007.0.00003/00', 192, 30714470538, 92);
INSERT INTO Comprador (RENSPA, idEstablecimiento, CUITPersona, idLocalidad) VALUES ('18.005.0.01057/00', NULL, 24140357673, 94);
INSERT INTO Comprador (RENSPA, idEstablecimiento, CUITPersona, idLocalidad) VALUES ('18.005.0.01057/03', NULL, 20170478682, 94);
INSERT INTO Comprador (RENSPA, idEstablecimiento, CUITPersona, idLocalidad) VALUES ('12.010.0.00171/00', 200, 33503850929, 65);
INSERT INTO Comprador (RENSPA, idEstablecimiento, CUITPersona, idLocalidad) VALUES ('10.018.0.00023/06', 221, 30707409629, 107);
INSERT INTO Comprador (RENSPA, idEstablecimiento, CUITPersona, idLocalidad) VALUES ('10.019.0.00270/00', 74, 30708698519, 143);
INSERT INTO Comprador (RENSPA, idEstablecimiento, CUITPersona, idLocalidad) VALUES ('10.019.0.00409/00', 79, 30708698519, 143);
INSERT INTO Comprador (RENSPA, idEstablecimiento, CUITPersona, idLocalidad) VALUES ('10.018.1.00016/00', 369, 20100750660, 26);
INSERT INTO Comprador (RENSPA, idEstablecimiento, CUITPersona, idLocalidad) VALUES ('10.018.1.00012/01', 389, 20100750660, 26);
INSERT INTO Comprador (RENSPA, idEstablecimiento, CUITPersona, idLocalidad) VALUES ('01.091.0.00095/00', 362, 30590360763, 139);
INSERT INTO Comprador (RENSPA, idEstablecimiento, CUITPersona, idLocalidad) VALUES ('17.005.0.00576/01', 208, 30715648152, 113);
INSERT INTO Comprador (RENSPA, idEstablecimiento, CUITPersona, idLocalidad) VALUES ('18.004.0.00050/06', 208, 30712447520, 125);
INSERT INTO Comprador (RENSPA, idEstablecimiento, CUITPersona, idLocalidad) VALUES ('10.002.0.00514/10', 311, 30583438412, 85);
INSERT INTO Comprador (RENSPA, idEstablecimiento, CUITPersona, idLocalidad) VALUES ('03.005.4.00001/0B-2019', NULL, 23066466639, 193);
INSERT INTO Comprador (RENSPA, idEstablecimiento, CUITPersona, idLocalidad) VALUES ('10.019.0.00237/00', 240, 20111801402, 9);
INSERT INTO Comprador (RENSPA, idEstablecimiento, CUITPersona, idLocalidad) VALUES ('03.014.0.00994/00', 192, 27305975783, 5);
INSERT INTO Comprador (RENSPA, idEstablecimiento, CUITPersona, idLocalidad) VALUES ('10.008.0.00123/00', 208, 20043822366, 34);
INSERT INTO Comprador (RENSPA, idEstablecimiento, CUITPersona, idLocalidad) VALUES ('12.015.0.00194/00', 192, 30715687409, 32);
INSERT INTO Comprador (RENSPA, idEstablecimiento, CUITPersona, idLocalidad) VALUES ('03.008.0.06335/00', 208, 30707053557, 18);
INSERT INTO Comprador (RENSPA, idEstablecimiento, CUITPersona, idLocalidad) VALUES ('10.020.0.00344/03', 208, 20052672873, 172);
INSERT INTO Comprador (RENSPA, idEstablecimiento, CUITPersona, idLocalidad) VALUES ('03.014.2.08672/03', 208, 2066557457, 167);
INSERT INTO Comprador (RENSPA, idEstablecimiento, CUITPersona, idLocalidad) VALUES ('03.014.1.12202/00', 208, 20085562674, 137);
INSERT INTO Comprador (RENSPA, idEstablecimiento, CUITPersona, idLocalidad) VALUES ('01.060.0.10409/00', 376, 20292297786, 38);
INSERT INTO Comprador (RENSPA, idEstablecimiento, CUITPersona, idLocalidad) VALUES ('10.004.0.2004/00', 192, 30712246541, 182);
INSERT INTO Comprador (RENSPA, idEstablecimiento, CUITPersona, idLocalidad) VALUES ('12.004.0.00130/00', 192, 30709257818, 194);
INSERT INTO Comprador (RENSPA, idEstablecimiento, CUITPersona, idLocalidad) VALUES ('01.030.0.00104/00', 192, 20219424451, 36);
INSERT INTO Comprador (RENSPA, idEstablecimiento, CUITPersona, idLocalidad) VALUES ('03.005.0.00771/00', 250, 20256682266, 77);
INSERT INTO Comprador (RENSPA, idEstablecimiento, CUITPersona, idLocalidad) VALUES ('03.014.1.12232/00', 307, 27244430339, 91);
INSERT INTO Comprador (RENSPA, idEstablecimiento, CUITPersona, idLocalidad) VALUES ('03.023.2.05127/62', 269, 23132415439, 8);
INSERT INTO Comprador (RENSPA, idEstablecimiento, CUITPersona, idLocalidad) VALUES ('03.001.0.02217/00', 402, 20138944825, 21);
INSERT INTO Comprador (RENSPA, idEstablecimiento, CUITPersona, idLocalidad) VALUES ('01.060.0.00037/00', 199, 30565654019, 83);
INSERT INTO Comprador (RENSPA, idEstablecimiento, CUITPersona, idLocalidad) VALUES ('03.014.1.00518/01', NULL, 20178734874, 146);
INSERT INTO Comprador (RENSPA, idEstablecimiento, CUITPersona, idLocalidad) VALUES ('03.006.0.03524/01', 75, 30709476072, 71);
INSERT INTO Comprador (RENSPA, idEstablecimiento, CUITPersona, idLocalidad) VALUES ('10.018.1.00510/01', 211, 20052676410, 88);
INSERT INTO Comprador (RENSPA, idEstablecimiento, CUITPersona, idLocalidad) VALUES ('10.005.0.00017/03', 170, 33711123739, 42);
INSERT INTO Comprador (RENSPA, idEstablecimiento, CUITPersona, idLocalidad) VALUES ('10.021.0.00508/00', NULL, 20080109394, NULL);
INSERT INTO Comprador (RENSPA, idEstablecimiento, CUITPersona, idLocalidad) VALUES ('01.059.0.00164/00', 192, 30716653737, 84);
INSERT INTO Comprador (RENSPA, idEstablecimiento, CUITPersona, idLocalidad) VALUES ('18.004.0.01357/00', 208, 20224780029, 145);
INSERT INTO Comprador (RENSPA, idEstablecimiento, CUITPersona, idLocalidad) VALUES ('01.064.0.05255/00', 192, 33714356459, 183);
INSERT INTO Comprador (RENSPA, idEstablecimiento, CUITPersona, idLocalidad) VALUES ('01.030.0.00104/00', NULL, 30715995936, 36);
INSERT INTO Comprador (RENSPA, idEstablecimiento, CUITPersona, idLocalidad) VALUES ('03.008.1.07522/16', 208, 27201133098, 63);
INSERT INTO Comprador (RENSPA, idEstablecimiento, CUITPersona, idLocalidad) VALUES ('10.018.0.00391/02', NULL, 20283315534, 129);
INSERT INTO Comprador (RENSPA, idEstablecimiento, CUITPersona, idLocalidad) VALUES ('10.018.0.00391/01', NULL, 23310881279, 129);
INSERT INTO Comprador (RENSPA, idEstablecimiento, CUITPersona, idLocalidad) VALUES ('03.014.1.00472/56', NULL, 33715387269, 43);
INSERT INTO Comprador (RENSPA, idEstablecimiento, CUITPersona, idLocalidad) VALUES ('03.023.2.01666/00', NULL, 30668642280, 95);
INSERT INTO Comprador (RENSPA, idEstablecimiento, CUITPersona, idLocalidad) VALUES ('10.021.0.00385/01', 166, 20144526121, 176);


INSERT INTO Productor (RENSPA, BoletoMarca, BoletoSenial, IngresosBrutos, idEstablecimiento, CUITPersona) VALUES ('10.018.0.01015/00', '182500083', NULL, '911-440100-0', 328, 30617821474);
INSERT INTO Productor (RENSPA, BoletoMarca, BoletoSenial, IngresosBrutos, idEstablecimiento, CUITPersona) VALUES ('10.0190.00818/00', '183500143', NULL, NULL, 178, 20250634685);
INSERT INTO Productor (RENSPA, BoletoMarca, BoletoSenial, IngresosBrutos, idEstablecimiento, CUITPersona) VALUES ('10.018.0.00723/00', '192100062', '182100359', '175.674-2', 24, 27058618891);
INSERT INTO Productor (RENSPA, BoletoMarca, BoletoSenial, IngresosBrutos, idEstablecimiento, CUITPersona) VALUES ('10.018.1.00274/11', '061200049', NULL, '911-20103680000', 258, 20103680000);
INSERT INTO Productor (RENSPA, BoletoMarca, BoletoSenial, IngresosBrutos, idEstablecimiento, CUITPersona) VALUES ('10.019.0.00267/01', '192100090', NULL, '216.007-0', 151, 20303604996);
INSERT INTO Productor (RENSPA, BoletoMarca, BoletoSenial, IngresosBrutos, idEstablecimiento, CUITPersona) VALUES ('10.018.0.00471/00', '192100145', '182100352', '184.036-8', 238, 20182254631);
INSERT INTO Productor (RENSPA, BoletoMarca, BoletoSenial, IngresosBrutos, idEstablecimiento, CUITPersona) VALUES ('10.019.0.00601/00', '192100029', NULL, '149.934-8', 281, 20080104848);
INSERT INTO Productor (RENSPA, BoletoMarca, BoletoSenial, IngresosBrutos, idEstablecimiento, CUITPersona) VALUES ('10.019.0.00601/02', '192100301', NULL, '206.185-4', 283, 20248611368);
INSERT INTO Productor (RENSPA, BoletoMarca, BoletoSenial, IngresosBrutos, idEstablecimiento, CUITPersona) VALUES ('10.018.0.00649/04', '192100113', NULL, '150.055-4', 101, 20073689075);
INSERT INTO Productor (RENSPA, BoletoMarca, BoletoSenial, IngresosBrutos, idEstablecimiento, CUITPersona) VALUES ('10.019.0.00590/02', '192100327', NULL, '226.787-0', 227, 20233884341);
INSERT INTO Productor (RENSPA, BoletoMarca, BoletoSenial, IngresosBrutos, idEstablecimiento, CUITPersona) VALUES ('10.019.0.00590/01', '192100326', NULL, '203.424-9', 226, 27244431947);
INSERT INTO Productor (RENSPA, BoletoMarca, BoletoSenial, IngresosBrutos, idEstablecimiento, CUITPersona) VALUES ('10.018.0.00367/00', '192100285', '182100350', '202.832-5', 64, 20185092098);
INSERT INTO Productor (RENSPA, BoletoMarca, BoletoSenial, IngresosBrutos, idEstablecimiento, CUITPersona) VALUES ('10.018.1.00198/01', '186800109', NULL, NULL, 16, 20216572158);
INSERT INTO Productor (RENSPA, BoletoMarca, BoletoSenial, IngresosBrutos, idEstablecimiento, CUITPersona) VALUES ('10.021.0.00062/00', '192100170', NULL, '187.176-0', 57, 20233782980);
INSERT INTO Productor (RENSPA, BoletoMarca, BoletoSenial, IngresosBrutos, idEstablecimiento, CUITPersona) VALUES ('10.021.0.00256/01', '065400062', NULL, '212.295-9', 347, 20271678968);
INSERT INTO Productor (RENSPA, BoletoMarca, BoletoSenial, IngresosBrutos, idEstablecimiento, CUITPersona) VALUES ('10.018.0.00235/07', '192100176', NULL, '235.650-7', 338, 30712492615);
INSERT INTO Productor (RENSPA, BoletoMarca, BoletoSenial, IngresosBrutos, idEstablecimiento, CUITPersona) VALUES ('10.018.0.00263/04', '183300212', NULL, '201.469-8', 225, 27178735891);
INSERT INTO Productor (RENSPA, BoletoMarca, BoletoSenial, IngresosBrutos, idEstablecimiento, CUITPersona) VALUES ('10.018.0.00181/06', '192100277', NULL, '901-30708666374', 105, 30708666374);
INSERT INTO Productor (RENSPA, BoletoMarca, BoletoSenial, IngresosBrutos, idEstablecimiento, CUITPersona) VALUES ('10.018.0.00526/00', '183300115', NULL, '190.993-1', 299, 27206843069);
INSERT INTO Productor (RENSPA, BoletoMarca, BoletoSenial, IngresosBrutos, idEstablecimiento, CUITPersona) VALUES ('10.018.1.00231/02', '183300115', NULL, '190.993-1', 249, 27206843069);
INSERT INTO Productor (RENSPA, BoletoMarca, BoletoSenial, IngresosBrutos, idEstablecimiento, CUITPersona) VALUES ('10.018.0.00406/02', '183300160', NULL, '220.341-4', 365, 20229107810);
INSERT INTO Productor (RENSPA, BoletoMarca, BoletoSenial, IngresosBrutos, idEstablecimiento, CUITPersona) VALUES ('10.019.0.00485/01', '192100332', NULL, '226.774-0', 111, 20315242959);
INSERT INTO Productor (RENSPA, BoletoMarca, BoletoSenial, IngresosBrutos, idEstablecimiento, CUITPersona) VALUES ('10.018.0.00429/00', '192100084', NULL, '173.839-5', 265, 20182254666);
INSERT INTO Productor (RENSPA, BoletoMarca, BoletoSenial, IngresosBrutos, idEstablecimiento, CUITPersona) VALUES ('10.019.0.00485/00', '183300106', NULL, '176.667-5', 110, 20124429588);
INSERT INTO Productor (RENSPA, BoletoMarca, BoletoSenial, IngresosBrutos, idEstablecimiento, CUITPersona) VALUES ('10.018.0.00150/00', '183500119', '182100360', '165.418-3', 186, 20209879922);
INSERT INTO Productor (RENSPA, BoletoMarca, BoletoSenial, IngresosBrutos, idEstablecimiento, CUITPersona) VALUES ('10.018.0.00150/02', '192100336', NULL, '234.137-2', 187, 27171381016);
INSERT INTO Productor (RENSPA, BoletoMarca, BoletoSenial, IngresosBrutos, idEstablecimiento, CUITPersona) VALUES ('10.018.0.00232/09', '192100333', NULL, '901-20923311700', 161, 20923311700);
INSERT INTO Productor (RENSPA, BoletoMarca, BoletoSenial, IngresosBrutos, idEstablecimiento, CUITPersona) VALUES ('10.018.0.00146/01', '192100333', NULL, '901-20923311700', 158, 20923311700);
INSERT INTO Productor (RENSPA, BoletoMarca, BoletoSenial, IngresosBrutos, idEstablecimiento, CUITPersona) VALUES ('10.021.0.00', '192100310', NULL, '213.810-1', 88, 27149763363);
INSERT INTO Productor (RENSPA, BoletoMarca, BoletoSenial, IngresosBrutos, idEstablecimiento, CUITPersona) VALUES ('10.019.0.', '182500002', NULL, '152.280-4', 266, 20112180126);
INSERT INTO Productor (RENSPA, BoletoMarca, BoletoSenial, IngresosBrutos, idEstablecimiento, CUITPersona) VALUES ('10.018.1.00157/00', '182500002', NULL, '152.280-4', 35, 20112180126);
INSERT INTO Productor (RENSPA, BoletoMarca, BoletoSenial, IngresosBrutos, idEstablecimiento, CUITPersona) VALUES ('10.019.0.00222/00', '192100082', NULL, '149.941-6', 381, 20112180096);
INSERT INTO Productor (RENSPA, BoletoMarca, BoletoSenial, IngresosBrutos, idEstablecimiento, CUITPersona) VALUES ('10.018.0.00158/00', '192100252', NULL, '179.002-1', 41, 27117225114);
INSERT INTO Productor (RENSPA, BoletoMarca, BoletoSenial, IngresosBrutos, idEstablecimiento, CUITPersona) VALUES ('10.018.0.00158/01', '192100243', NULL, '179.000-7', 40, 27046114421);
INSERT INTO Productor (RENSPA, BoletoMarca, BoletoSenial, IngresosBrutos, idEstablecimiento, CUITPersona) VALUES ('10.018.1.00031/06', '192100243', NULL, '179.000-7', 71, 27046114421);
INSERT INTO Productor (RENSPA, BoletoMarca, BoletoSenial, IngresosBrutos, idEstablecimiento, CUITPersona) VALUES ('10.021.0.00392/02', '192100243', NULL, '179.000-7', 244, 27046114421);
INSERT INTO Productor (RENSPA, BoletoMarca, BoletoSenial, IngresosBrutos, idEstablecimiento, CUITPersona) VALUES ('10.018.0.00227/08', '192100208', NULL, '235.672-9', 122, 30712511024);
INSERT INTO Productor (RENSPA, BoletoMarca, BoletoSenial, IngresosBrutos, idEstablecimiento, CUITPersona) VALUES ('10.019.0.00342/00', '192100290', NULL, '217.428/8', 306, 20172066098);
INSERT INTO Productor (RENSPA, BoletoMarca, BoletoSenial, IngresosBrutos, idEstablecimiento, CUITPersona) VALUES ('10.019.0.00253/00', '192100069', NULL, '204.888-4', 312, 20144058926);
INSERT INTO Productor (RENSPA, BoletoMarca, BoletoSenial, IngresosBrutos, idEstablecimiento, CUITPersona) VALUES ('10.019.0.00285/01', '192100069', NULL, '204.888-4', 352, 20144058926);
INSERT INTO Productor (RENSPA, BoletoMarca, BoletoSenial, IngresosBrutos, idEstablecimiento, CUITPersona) VALUES ('10.019.0.01016/00', '192100069', NULL, '204.888-4', 153, 20144058926);
INSERT INTO Productor (RENSPA, BoletoMarca, BoletoSenial, IngresosBrutos, idEstablecimiento, CUITPersona) VALUES ('10.018.0.00265/01', '192100069', NULL, '204.888-4', 99, 20144058926);
INSERT INTO Productor (RENSPA, BoletoMarca, BoletoSenial, IngresosBrutos, idEstablecimiento, CUITPersona) VALUES ('10.021.0.00018/07', '192100392', NULL, '204.388/9', 128, 20171972230);
INSERT INTO Productor (RENSPA, BoletoMarca, BoletoSenial, IngresosBrutos, idEstablecimiento, CUITPersona) VALUES ('10.018.0.00168/02', '192100008', NULL, '181.692-9', 302, 30671625362);
INSERT INTO Productor (RENSPA, BoletoMarca, BoletoSenial, IngresosBrutos, idEstablecimiento, CUITPersona) VALUES ('10.018.0.00385/00', '192100008', NULL, '181.692-9', 149, 30671625362);
INSERT INTO Productor (RENSPA, BoletoMarca, BoletoSenial, IngresosBrutos, idEstablecimiento, CUITPersona) VALUES ('10.019.0.00796/01', '192100393', NULL, NULL, 373, 20125415491);
INSERT INTO Productor (RENSPA, BoletoMarca, BoletoSenial, IngresosBrutos, idEstablecimiento, CUITPersona) VALUES ('10.019.0.00349/02', '192100234', NULL, '902-20049569387', 59, 20049569387);
INSERT INTO Productor (RENSPA, BoletoMarca, BoletoSenial, IngresosBrutos, idEstablecimiento, CUITPersona) VALUES ('10.018.1.00172/00', '192100259', NULL, '190484-1', 344, 20144058810);
INSERT INTO Productor (RENSPA, BoletoMarca, BoletoSenial, IngresosBrutos, idEstablecimiento, CUITPersona) VALUES ('10.019.0.00090/03', '193600139', NULL, '911-20122118739', 234, 20122118739);
INSERT INTO Productor (RENSPA, BoletoMarca, BoletoSenial, IngresosBrutos, idEstablecimiento, CUITPersona) VALUES ('10.019.0.00585/00', '192100118', NULL, '202.646-6', 397, 20086590361);
INSERT INTO Productor (RENSPA, BoletoMarca, BoletoSenial, IngresosBrutos, idEstablecimiento, CUITPersona) VALUES ('10.018.1.00229/01', '193600148', NULL, NULL, 191, 20256682266);
INSERT INTO Productor (RENSPA, BoletoMarca, BoletoSenial, IngresosBrutos, idEstablecimiento, CUITPersona) VALUES ('10.019.0.04041/00', '192100196', NULL, '146.886-1', 92, 20076646199);
INSERT INTO Productor (RENSPA, BoletoMarca, BoletoSenial, IngresosBrutos, idEstablecimiento, CUITPersona) VALUES ('10.018.0.00176/03', '192100324', NULL, '226.180-3', 255, 23171972264);
INSERT INTO Productor (RENSPA, BoletoMarca, BoletoSenial, IngresosBrutos, idEstablecimiento, CUITPersona) VALUES ('10.019.0.00942/03', '192100324', NULL, '226.180-3', 214, 23171972264);
INSERT INTO Productor (RENSPA, BoletoMarca, BoletoSenial, IngresosBrutos, idEstablecimiento, CUITPersona) VALUES ('10.018.0.00176/02', '192100325', NULL, '226.284-4', 254, 20224281723);
INSERT INTO Productor (RENSPA, BoletoMarca, BoletoSenial, IngresosBrutos, idEstablecimiento, CUITPersona) VALUES ('10.019.0.00942/04', '192100325', NULL, '226.284-4', 213, 20224281723);
INSERT INTO Productor (RENSPA, BoletoMarca, BoletoSenial, IngresosBrutos, idEstablecimiento, CUITPersona) VALUES ('10.018.0.00176/00', '192100010', NULL, '117.579-4', 253, 20054743719);
INSERT INTO Productor (RENSPA, BoletoMarca, BoletoSenial, IngresosBrutos, idEstablecimiento, CUITPersona) VALUES ('10.019.0.00942/00', '192100010', NULL, '117.579-4', 212, 20054743719);
INSERT INTO Productor (RENSPA, BoletoMarca, BoletoSenial, IngresosBrutos, idEstablecimiento, CUITPersona) VALUES ('10.018.0.00278/00', '192100027', NULL, '911-30694876796', 295, 30694876796);
INSERT INTO Productor (RENSPA, BoletoMarca, BoletoSenial, IngresosBrutos, idEstablecimiento, CUITPersona) VALUES ('10.019.0.00860/00', '192100195', NULL, '157.414-0', 183, 20171972117);
INSERT INTO Productor (RENSPA, BoletoMarca, BoletoSenial, IngresosBrutos, idEstablecimiento, CUITPersona) VALUES ('10.019.0.00580/00', '192100077', NULL, '103.132-6', 172, 20073495297);
INSERT INTO Productor (RENSPA, BoletoMarca, BoletoSenial, IngresosBrutos, idEstablecimiento, CUITPersona) VALUES ('10.019.0.00209/00', '192100262', '192100373', '195.138-3', 129, 20144059388);
INSERT INTO Productor (RENSPA, BoletoMarca, BoletoSenial, IngresosBrutos, idEstablecimiento, CUITPersona) VALUES ('10.018.0.00137/00', '183300012', NULL, '181.837-6', 222, 20106286060);
INSERT INTO Productor (RENSPA, BoletoMarca, BoletoSenial, IngresosBrutos, idEstablecimiento, CUITPersona) VALUES ('10.021.0.00117/01', '192100323', '214300378', '170.953-1', 319, 20166182337);
INSERT INTO Productor (RENSPA, BoletoMarca, BoletoSenial, IngresosBrutos, idEstablecimiento, CUITPersona) VALUES ('10.018.0.00676/00', '192100266', NULL, '192.997-1', 131, 20052672733);
INSERT INTO Productor (RENSPA, BoletoMarca, BoletoSenial, IngresosBrutos, idEstablecimiento, CUITPersona) VALUES ('10.018.0.00514/01', '182100364', NULL, NULL, 291, 30714811726);
INSERT INTO Productor (RENSPA, BoletoMarca, BoletoSenial, IngresosBrutos, idEstablecimiento, CUITPersona) VALUES ('10.018.0.00508/00', '180800178', '182100355', '188.138-9', 289, 20270384510);
INSERT INTO Productor (RENSPA, BoletoMarca, BoletoSenial, IngresosBrutos, idEstablecimiento, CUITPersona) VALUES ('10.018.0.00280/04', '182100364', '182100355', NULL, 113, 30714811726);
INSERT INTO Productor (RENSPA, BoletoMarca, BoletoSenial, IngresosBrutos, idEstablecimiento, CUITPersona) VALUES ('10.018.0.00508/01', '192100329', NULL, '226.048-0', 290, 20310399737);
INSERT INTO Productor (RENSPA, BoletoMarca, BoletoSenial, IngresosBrutos, idEstablecimiento, CUITPersona) VALUES ('10.018.0.00557/01', '192100303', NULL, '212.317-4', 39, 27267818008);
INSERT INTO Productor (RENSPA, BoletoMarca, BoletoSenial, IngresosBrutos, idEstablecimiento, CUITPersona) VALUES ('10.021.0.00841/01', '210500145', NULL, NULL, 379, 20179303958);
INSERT INTO Productor (RENSPA, BoletoMarca, BoletoSenial, IngresosBrutos, idEstablecimiento, CUITPersona) VALUES ('10.018.0.00181/00', '192100150', NULL, '901-33580694999', 105, 33580694999);
INSERT INTO Productor (RENSPA, BoletoMarca, BoletoSenial, IngresosBrutos, idEstablecimiento, CUITPersona) VALUES ('10.018.0.00264/01', '192100074', NULL, NULL, 134, 27041524532);
INSERT INTO Productor (RENSPA, BoletoMarca, BoletoSenial, IngresosBrutos, idEstablecimiento, CUITPersona) VALUES ('10.021.0.00256/03', '192100362', NULL, NULL, 348, 33714532419);
INSERT INTO Productor (RENSPA, BoletoMarca, BoletoSenial, IngresosBrutos, idEstablecimiento, CUITPersona) VALUES ('10.018.1.00182/01', '192100249', NULL, '194.585-8', 394, 20083677598);
INSERT INTO Productor (RENSPA, BoletoMarca, BoletoSenial, IngresosBrutos, idEstablecimiento, CUITPersona) VALUES ('10.019.0.04106/00', '192100212', NULL, '156.005-5', 45, 27048778998);
INSERT INTO Productor (RENSPA, BoletoMarca, BoletoSenial, IngresosBrutos, idEstablecimiento, CUITPersona) VALUES ('10.019.0.00639/00', '192100318', NULL, '220.409-7', 239, 20263345976);
INSERT INTO Productor (RENSPA, BoletoMarca, BoletoSenial, IngresosBrutos, idEstablecimiento, CUITPersona) VALUES ('10.018.0.00183/00', '192100092', NULL, '145.195-1', 209, 20073615381);
INSERT INTO Productor (RENSPA, BoletoMarca, BoletoSenial, IngresosBrutos, idEstablecimiento, CUITPersona) VALUES ('10.019.0.00300/00', '192100092', NULL, '145.195-1', 342, 20073615381);
INSERT INTO Productor (RENSPA, BoletoMarca, BoletoSenial, IngresosBrutos, idEstablecimiento, CUITPersona) VALUES ('10.018.1.00937/02', '180800219', NULL, '245.116-5', 252, 20184262801);
INSERT INTO Productor (RENSPA, BoletoMarca, BoletoSenial, IngresosBrutos, idEstablecimiento, CUITPersona) VALUES ('10.021.0.00786/02', '180800219', NULL, '245.116-5', 245, 20184262801);
INSERT INTO Productor (RENSPA, BoletoMarca, BoletoSenial, IngresosBrutos, idEstablecimiento, CUITPersona) VALUES ('10.019.0.03030/00', '192100149', NULL, NULL, 94, 30659276271);
INSERT INTO Productor (RENSPA, BoletoMarca, BoletoSenial, IngresosBrutos, idEstablecimiento, CUITPersona) VALUES ('10.019.0.00839/01', '192100031', NULL, '210.866-5', 138, 30710048041);
INSERT INTO Productor (RENSPA, BoletoMarca, BoletoSenial, IngresosBrutos, idEstablecimiento, CUITPersona) VALUES ('10.019.0.00016/02', '192100317', '182100347', '150.776-0', 87, 20052676453);
INSERT INTO Productor (RENSPA, BoletoMarca, BoletoSenial, IngresosBrutos, idEstablecimiento, CUITPersona) VALUES ('10.018.0.00145/03', '192100317', '182100347', '150.776-0',102, 20052676453);
INSERT INTO Productor (RENSPA, BoletoMarca, BoletoSenial, IngresosBrutos, idEstablecimiento, CUITPersona) VALUES ('10.018.0.00248/12', '192100317', '182100347', '150.776-0', 263, 20052676453);
INSERT INTO Productor (RENSPA, BoletoMarca, BoletoSenial, IngresosBrutos, idEstablecimiento, CUITPersona) VALUES ('10.018.0.00649/02', '192100203', NULL, '174.750-8', 104, 23058618454);
INSERT INTO Productor (RENSPA, BoletoMarca, BoletoSenial, IngresosBrutos, idEstablecimiento, CUITPersona) VALUES ('10.018.0.00642/00', '192100209', NULL, '155.976-1', 298, 20107899546);
INSERT INTO Productor (RENSPA, BoletoMarca, BoletoSenial, IngresosBrutos, idEstablecimiento, CUITPersona) VALUES ('10.018.0.00288/04', '192100209', NULL, '155.976-1', 84, 20107899546);
INSERT INTO Productor (RENSPA, BoletoMarca, BoletoSenial, IngresosBrutos, idEstablecimiento, CUITPersona) VALUES ('10.018.0.00451/08', NULL, '182100358', NULL, 264, 20255786718);
INSERT INTO Productor (RENSPA, BoletoMarca, BoletoSenial, IngresosBrutos, idEstablecimiento, CUITPersona) VALUES ('10.018.0.00189/00', '192100133', NULL, '138.338/0', 206, 20066492207);
INSERT INTO Productor (RENSPA, BoletoMarca, BoletoSenial, IngresosBrutos, idEstablecimiento, CUITPersona) VALUES ('10.019.0.00818/01', '192100338', NULL, '244.980-9', 179, 30714621560);
INSERT INTO Productor (RENSPA, BoletoMarca, BoletoSenial, IngresosBrutos, idEstablecimiento, CUITPersona) VALUES ('10.019.0.00348/02', '192100338', NULL, '244.980-9', 23, 30714621560);
INSERT INTO Productor (RENSPA, BoletoMarca, BoletoSenial, IngresosBrutos, idEstablecimiento, CUITPersona) VALUES ('10.019.0.00589/02', '192100089', NULL, NULL, 140, 20208302427);
INSERT INTO Productor (RENSPA, BoletoMarca, BoletoSenial, IngresosBrutos, idEstablecimiento, CUITPersona) VALUES ('10.018.1.00968/01', '192100207', NULL, '201.602-1', 30, 27132691849);
INSERT INTO Productor (RENSPA, BoletoMarca, BoletoSenial, IngresosBrutos, idEstablecimiento, CUITPersona) VALUES ('10.018.1.01076/00', '192100085', NULL, '137.617-3', 31, 30618024055);
INSERT INTO Productor (RENSPA, BoletoMarca, BoletoSenial, IngresosBrutos, idEstablecimiento, CUITPersona) VALUES ('10.018.1.01078/00', '192100085', NULL, '137.617-3', 256, 30618024055);
INSERT INTO Productor (RENSPA, BoletoMarca, BoletoSenial, IngresosBrutos, idEstablecimiento, CUITPersona) VALUES ('10.019.0.00439/00', '192100104', NULL, '127.547-0', 148, 20073552991);
INSERT INTO Productor (RENSPA, BoletoMarca, BoletoSenial, IngresosBrutos, idEstablecimiento, CUITPersona) VALUES ('10.018.0.00158/05', '192100360', '182100356', '241,244-7', 42, 30714298158);
INSERT INTO Productor (RENSPA, BoletoMarca, BoletoSenial, IngresosBrutos, idEstablecimiento, CUITPersona) VALUES ('10.018.0.00194/00', '192100080', NULL, '139.790-1', 144, 20113452278);
INSERT INTO Productor (RENSPA, BoletoMarca, BoletoSenial, IngresosBrutos, idEstablecimiento, CUITPersona) VALUES ('10.018.0.00194/11', '192100075', NULL, NULL, 145, 20316008888);
INSERT INTO Productor (RENSPA, BoletoMarca, BoletoSenial, IngresosBrutos, idEstablecimiento, CUITPersona) VALUES ('10.018.0.00196/02', '192100319', NULL, '210.302-8', 392, 20179599490);
INSERT INTO Productor (RENSPA, BoletoMarca, BoletoSenial, IngresosBrutos, idEstablecimiento, CUITPersona) VALUES ('10.019.0.00526/00', '192100288', NULL, '184.418-6', 142, 20164816738);
INSERT INTO Productor (RENSPA, BoletoMarca, BoletoSenial, IngresosBrutos, idEstablecimiento, CUITPersona) VALUES ('10.018.0.00670/07', '192100288', NULL, '184.418-6', 155, 20164816738);
INSERT INTO Productor (RENSPA, BoletoMarca, BoletoSenial, IngresosBrutos, idEstablecimiento, CUITPersona) VALUES ('10.018.0.00693/02', '192100187', NULL, '188.068-3', 106, 20052676348);
INSERT INTO Productor (RENSPA, BoletoMarca, BoletoSenial, IngresosBrutos, idEstablecimiento, CUITPersona) VALUES ('10.018.0.00605/00', '192100188', NULL, '188.069-0', 107, 20103425582);
INSERT INTO Productor (RENSPA, BoletoMarca, BoletoSenial, IngresosBrutos, idEstablecimiento, CUITPersona) VALUES ('10.019.0.00691/02', '192100188', NULL, '188.069-0', 185, 20103425582);
INSERT INTO Productor (RENSPA, BoletoMarca, BoletoSenial, IngresosBrutos, idEstablecimiento, CUITPersona) VALUES ('10.019.0.00273/00', '192100024', NULL, '136.570-7', 293, 20073333890);
INSERT INTO Productor (RENSPA, BoletoMarca, BoletoSenial, IngresosBrutos, idEstablecimiento, CUITPersona) VALUES ('10.018.0.00487/00', '192100255', NULL, NULL, 175, 20079443388);
INSERT INTO Productor (RENSPA, BoletoMarca, BoletoSenial, IngresosBrutos, idEstablecimiento, CUITPersona) VALUES ('10.019.0.00889/01', '192100355', NULL, '215,909-0', 242, 20311522249);
INSERT INTO Productor (RENSPA, BoletoMarca, BoletoSenial, IngresosBrutos, idEstablecimiento, CUITPersona) VALUES ('10.019.0.00889/00', '192100032', NULL, '160.828-9', 241, 20073693595);
INSERT INTO Productor (RENSPA, BoletoMarca, BoletoSenial, IngresosBrutos, idEstablecimiento, CUITPersona) VALUES ('10.019.0.00174/00', '192100201', NULL, '174.308-7', 333, 27041532101);
INSERT INTO Productor (RENSPA, BoletoMarca, BoletoSenial, IngresosBrutos, idEstablecimiento, CUITPersona) VALUES ('10.018.0.00556/03', '192100315', '182100363', '210.978-1', 83, 20204786780);
INSERT INTO Productor (RENSPA, BoletoMarca, BoletoSenial, IngresosBrutos, idEstablecimiento, CUITPersona) VALUES ('10.018.0.00436/01', '186800024', NULL, '210.509-3', 260, 20086050545);
INSERT INTO Productor (RENSPA, BoletoMarca, BoletoSenial, IngresosBrutos, idEstablecimiento, CUITPersona) VALUES ('10.018.0.00556/02', '186800025', NULL, '210.510-9', 82, 20073562393);
INSERT INTO Productor (RENSPA, BoletoMarca, BoletoSenial, IngresosBrutos, idEstablecimiento, CUITPersona) VALUES ('10.019.0.00627/00', '192100298', NULL, '138.362-5', 359, 23083677589);
INSERT INTO Productor (RENSPA, BoletoMarca, BoletoSenial, IngresosBrutos, idEstablecimiento, CUITPersona) VALUES ('10.018.0.00473/00', '225200083', NULL, '160.862-3', 171, 27048778947);
INSERT INTO Productor (RENSPA, BoletoMarca, BoletoSenial, IngresosBrutos, idEstablecimiento, CUITPersona) VALUES ('10.018.0.00653/00', '225200083', NULL, '160.862-3', 53, 27048778947);
INSERT INTO Productor (RENSPA, BoletoMarca, BoletoSenial, IngresosBrutos, idEstablecimiento, CUITPersona) VALUES ('10.019.0.00589/00', '192100091', NULL, '139.819-5', 95, 27044648321);
INSERT INTO Productor (RENSPA, BoletoMarca, BoletoSenial, IngresosBrutos, idEstablecimiento, CUITPersona) VALUES ('10.018.1.00064/00', '151800266', NULL, '201.918-1', 321, 30714108731);
INSERT INTO Productor (RENSPA, BoletoMarca, BoletoSenial, IngresosBrutos, idEstablecimiento, CUITPersona) VALUES ('10.0190.00239/01', '192100276', NULL, '209.848-3', 163, 20286187073);
INSERT INTO Productor (RENSPA, BoletoMarca, BoletoSenial, IngresosBrutos, idEstablecimiento, CUITPersona) VALUES ('10.019.0.00194/00', '192100245', '192100400', '178.086-0', 261, 23052676509);
INSERT INTO Productor (RENSPA, BoletoMarca, BoletoSenial, IngresosBrutos, idEstablecimiento, CUITPersona) VALUES ('10.021.0.00117/02', '192100245', NULL, '178.086-0', 320, 23052676509);
INSERT INTO Productor (RENSPA, BoletoMarca, BoletoSenial, IngresosBrutos, idEstablecimiento, CUITPersona) VALUES ('10.019.0.00958/01', '192100395', NULL, NULL, 77, 20100547334);
INSERT INTO Productor (RENSPA, BoletoMarca, BoletoSenial, IngresosBrutos, idEstablecimiento, CUITPersona) VALUES ('10.019.0.00481/00', '192100023', NULL, '154.277-6', 331, 30645051277);
INSERT INTO Productor (RENSPA, BoletoMarca, BoletoSenial, IngresosBrutos, idEstablecimiento, CUITPersona) VALUES ('10.018.1.00013/01', NULL, '182100345', '902-20160506513', 25, 20160506513);
INSERT INTO Productor (RENSPA, BoletoMarca, BoletoSenial, IngresosBrutos, idEstablecimiento, CUITPersona) VALUES ('10.018.0.00208/00', '192100079', NULL, '176.618-7', 401, 20076916994);
INSERT INTO Productor (RENSPA, BoletoMarca, BoletoSenial, IngresosBrutos, idEstablecimiento, CUITPersona) VALUES ('10.018.0.00175/01', '192100321', NULL, '224.630-1', 400, 27064189765);
INSERT INTO Productor (RENSPA, BoletoMarca, BoletoSenial, IngresosBrutos, idEstablecimiento, CUITPersona) VALUES ('10.018.0.00531/00', '190300133', NULL, '231.978-6', 72, 20232287072);
INSERT INTO Productor (RENSPA, BoletoMarca, BoletoSenial, IngresosBrutos, idEstablecimiento, CUITPersona) VALUES ('10.018.1.00211/03', '182500152', NULL, '234161-7', 167, 27162133204);
INSERT INTO Productor (RENSPA, BoletoMarca, BoletoSenial, IngresosBrutos, idEstablecimiento, CUITPersona) VALUES ('10.018.1.00211/01', '182500154', NULL, '235766-1', 169, 27230401301);
INSERT INTO Productor (RENSPA, BoletoMarca, BoletoSenial, IngresosBrutos, idEstablecimiento, CUITPersona) VALUES ('10.018.1.00211/02', '182500153', NULL, '234162-4', 168, 27174477200);
INSERT INTO Productor (RENSPA, BoletoMarca, BoletoSenial, IngresosBrutos, idEstablecimiento, CUITPersona) VALUES ('10.019.0.00601/03', '192100396', NULL, '259579-3', 282, 20137909325);
INSERT INTO Productor (RENSPA, BoletoMarca, BoletoSenial, IngresosBrutos, idEstablecimiento, CUITPersona) VALUES ('10.019.0.00691/06', '192100385', NULL, NULL, 181, 30715301861);
INSERT INTO Productor (RENSPA, BoletoMarca, BoletoSenial, IngresosBrutos, idEstablecimiento, CUITPersona) VALUES ('10.019.0.00110/00', '192100306', NULL, '189282-6', 377, 20083850753);
INSERT INTO Productor (RENSPA, BoletoMarca, BoletoSenial, IngresosBrutos, idEstablecimiento, CUITPersona) VALUES ('10.018.0.00420/04', '087400058', NULL, '902-30711534470', 367, 30711534470);
INSERT INTO Productor (RENSPA, BoletoMarca, BoletoSenial, IngresosBrutos, idEstablecimiento, CUITPersona) VALUES ('10.019.0.00865/03', '192100399', NULL, '228.001-7', 280, 20310450325);
INSERT INTO Productor (RENSPA, BoletoMarca, BoletoSenial, IngresosBrutos, idEstablecimiento, CUITPersona) VALUES ('10.018.0.00239/00', '192100198', NULL, '196.611-2', 194, 27045039523);
INSERT INTO Productor (RENSPA, BoletoMarca, BoletoSenial, IngresosBrutos, idEstablecimiento, CUITPersona) VALUES ('10.019.0.00691/04', '192100386', NULL, NULL, 180, 30715717685);
INSERT INTO Productor (RENSPA, BoletoMarca, BoletoSenial, IngresosBrutos, idEstablecimiento, CUITPersona) VALUES ('10.018.0.00216/00', '192100046', NULL, '901-30648269877', 231, 30648269877);
INSERT INTO Productor (RENSPA, BoletoMarca, BoletoSenial, IngresosBrutos, idEstablecimiento, CUITPersona) VALUES ('10.018.1.00514/15', '182500140', NULL, '219073-8', 284, 30710758510);
INSERT INTO Productor (RENSPA, BoletoMarca, BoletoSenial, IngresosBrutos, idEstablecimiento, CUITPersona) VALUES ('10.018.0.00217/00', '183500052', NULL, '124.659-3', 100, 33520308089);
INSERT INTO Productor (RENSPA, BoletoMarca, BoletoSenial, IngresosBrutos, idEstablecimiento, CUITPersona) VALUES ('10.018.0.00453/00', '192100036', NULL, '141.522-5', 146, 20073615276);
INSERT INTO Productor (RENSPA, BoletoMarca, BoletoSenial, IngresosBrutos, idEstablecimiento, CUITPersona) VALUES ('10.019.0.00886/01', '192100036', NULL, NULL, 215, 20073615276);
INSERT INTO Productor (RENSPA, BoletoMarca, BoletoSenial, IngresosBrutos, idEstablecimiento, CUITPersona) VALUES ('10.019.0.00300/03', '192100036', NULL, '141.522-5', 341, 20073615276);
INSERT INTO Productor (RENSPA, BoletoMarca, BoletoSenial, IngresosBrutos, idEstablecimiento, CUITPersona) VALUES ('10.019.0.01008/00', '192100108', NULL, '150.771-5', 216, 30649250592);
INSERT INTO Productor (RENSPA, BoletoMarca, BoletoSenial, IngresosBrutos, idEstablecimiento, CUITPersona) VALUES ('10.019.0.00958/00', '192100173', NULL, '187.953-5', 78, 30694867517);
INSERT INTO Productor (RENSPA, BoletoMarca, BoletoSenial, IngresosBrutos, idEstablecimiento, CUITPersona) VALUES ('10.018.0.00409/00', '192100294', '182100354', '918-30709257818', 325, 30709257818);
INSERT INTO Productor (RENSPA, BoletoMarca, BoletoSenial, IngresosBrutos, idEstablecimiento, CUITPersona) VALUES ('10.018.0.00220/03', '191500123', NULL, '196.793-1', 69, 27166182498);
INSERT INTO Productor (RENSPA, BoletoMarca, BoletoSenial, IngresosBrutos, idEstablecimiento, CUITPersona) VALUES ('10.018.0.00041/00', '192100232', NULL, '189.333-1', 285, 27058618247);
INSERT INTO Productor (RENSPA, BoletoMarca, BoletoSenial, IngresosBrutos, idEstablecimiento, CUITPersona) VALUES ('10.018.1.00031/04', '192100312', NULL, '211.893-2', 70, 20073615241);
INSERT INTO Productor (RENSPA, BoletoMarca, BoletoSenial, IngresosBrutos, idEstablecimiento, CUITPersona) VALUES ('10.021.0.00392/01', '192100312', NULL, '211.893-2', 243, 20073615241);
INSERT INTO Productor (RENSPA, BoletoMarca, BoletoSenial, IngresosBrutos, idEstablecimiento, CUITPersona) VALUES ('10.018.0.00218/04', '192100312', NULL, '211.893-2', 349, 20073615241);
INSERT INTO Productor (RENSPA, BoletoMarca, BoletoSenial, IngresosBrutos, idEstablecimiento, CUITPersona) VALUES ('10.018.0.00218/01', '192100311', NULL, '211.894-9', 350, 20073679029);
INSERT INTO Productor (RENSPA, BoletoMarca, BoletoSenial, IngresosBrutos, idEstablecimiento, CUITPersona) VALUES ('10.018.1.00888/01', '192100037', NULL, '156.556-2', 346, 27048778653);
INSERT INTO Productor (RENSPA, BoletoMarca, BoletoSenial, IngresosBrutos, idEstablecimiento, CUITPersona) VALUES ('10.018.0.00221/00', '192100141', NULL, '159.451-7', 12, 33639669969);
INSERT INTO Productor (RENSPA, BoletoMarca, BoletoSenial, IngresosBrutos, idEstablecimiento, CUITPersona) VALUES ('10.018.0.00525/02', '192100357', NULL, '918-33712344739', 223, 33712344739);
INSERT INTO Productor (RENSPA, BoletoMarca, BoletoSenial, IngresosBrutos, idEstablecimiento, CUITPersona) VALUES ('10.018.0.', '192100148', NULL, '167.625-9', 9, 20055363197);
INSERT INTO Productor (RENSPA, BoletoMarca, BoletoSenial, IngresosBrutos, idEstablecimiento, CUITPersona) VALUES ('10.019.0.00829/00', '192100148', NULL, '167.625-9', 176, 20055363197);
INSERT INTO Productor (RENSPA, BoletoMarca, BoletoSenial, IngresosBrutos, idEstablecimiento, CUITPersona) VALUES ('10.019.0.00477/01', '192100192', NULL, NULL, 46, 20073512442);
INSERT INTO Productor (RENSPA, BoletoMarca, BoletoSenial, IngresosBrutos, idEstablecimiento, CUITPersona) VALUES ('10.019.0.00477/02', '192100370', NULL, NULL, 47, 27042987986);
INSERT INTO Productor (RENSPA, BoletoMarca, BoletoSenial, IngresosBrutos, idEstablecimiento, CUITPersona) VALUES ('10.019.0.00477/00', '192100192', NULL, '203.466-9', 48, 2709841909);
INSERT INTO Productor (RENSPA, BoletoMarca, BoletoSenial, IngresosBrutos, idEstablecimiento, CUITPersona) VALUES ('10.018.1.00013/00', '192100053', '182100344', '156.723-0', 25, 30622946811);
INSERT INTO Productor (RENSPA, BoletoMarca, BoletoSenial, IngresosBrutos, idEstablecimiento, CUITPersona) VALUES ('10.018.1.00428/00', '192100053', '182100344', NULL, 317, 30622946811);
INSERT INTO Productor (RENSPA, BoletoMarca, BoletoSenial, IngresosBrutos, idEstablecimiento, CUITPersona) VALUES ('10.018.0.00227/01', '192100205', NULL, '176.659-0', 121, 20166181861);
INSERT INTO Productor (RENSPA, BoletoMarca, BoletoSenial, IngresosBrutos, idEstablecimiento, CUITPersona) VALUES ('10.018.0.00227/02', '192100206', NULL, '176.660-6', 120, 20218705236);
INSERT INTO Productor (RENSPA, BoletoMarca, BoletoSenial, IngresosBrutos, idEstablecimiento, CUITPersona) VALUES ('10.019.0.00807/02', '192100343', NULL, '235.703-6', 76, 27137938958);
INSERT INTO Productor (RENSPA, BoletoMarca, BoletoSenial, IngresosBrutos, idEstablecimiento, CUITPersona) VALUES ('10.021.0.00180/00', '192100097', '182100351', '151.856-6', 90, 27058618670);
INSERT INTO Productor (RENSPA, BoletoMarca, BoletoSenial, IngresosBrutos, idEstablecimiento, CUITPersona) VALUES ('10.018.0.00232/01', '192100235', '182100346', '191.811-3', 162, 30707482075);
INSERT INTO Productor (RENSPA, BoletoMarca, BoletoSenial, IngresosBrutos, idEstablecimiento, CUITPersona) VALUES ('10.018.0.00277/00', '192100007', NULL, '172.802-8', 52, 27066321199);
INSERT INTO Productor (RENSPA, BoletoMarca, BoletoSenial, IngresosBrutos, idEstablecimiento, CUITPersona) VALUES ('10.019.0.00', '183300215', NULL, '186508-2', 279, 20257830722);
INSERT INTO Productor (RENSPA, BoletoMarca, BoletoSenial, IngresosBrutos, idEstablecimiento, CUITPersona) VALUES ('10.018.0.00520/00', '192100121', NULL, '193.666-4', 50, 20128463896);
INSERT INTO Productor (RENSPA, BoletoMarca, BoletoSenial, IngresosBrutos, idEstablecimiento, CUITPersona) VALUES ('10.018.1.01074/05', '192100364', NULL, '223.632-4', 343, 30712249915);
INSERT INTO Productor (RENSPA, BoletoMarca, BoletoSenial, IngresosBrutos, idEstablecimiento, CUITPersona) VALUES ('10-018-0-00288/06', '192100365', NULL, '243693-9', 86, 20137938260);
INSERT INTO Productor (RENSPA, BoletoMarca, BoletoSenial, IngresosBrutos, idEstablecimiento, CUITPersona) VALUES ('10.019.0.00301/00', '192100283', NULL, '179.250-8', 310, 20117225047);
INSERT INTO Productor (RENSPA, BoletoMarca, BoletoSenial, IngresosBrutos, idEstablecimiento, CUITPersona) VALUES ('10.019.0.00090/00', '192100242', NULL, '179.251-5', 235, 20137938457);
INSERT INTO Productor (RENSPA, BoletoMarca, BoletoSenial, IngresosBrutos, idEstablecimiento, CUITPersona) VALUES ('10.018.0.00263/05', '183300210', NULL, '235,446-4', 224, 20179378664);
INSERT INTO Productor (RENSPA, BoletoMarca, BoletoSenial, IngresosBrutos, idEstablecimiento, CUITPersona) VALUES ('10.018.0.00250/03', '180800183', NULL, '231.963-2', 218, 20073654158);
INSERT INTO Productor (RENSPA, BoletoMarca, BoletoSenial, IngresosBrutos, idEstablecimiento, CUITPersona) VALUES ('10.019.0.00944/01', '180800183', NULL, '231.963-2', 127, 20073654158);
INSERT INTO Productor (RENSPA, BoletoMarca, BoletoSenial, IngresosBrutos, idEstablecimiento, CUITPersona) VALUES ('10.019.0.00810/00', '192100200', NULL, '174.400-4', 97, 27009841666);
INSERT INTO Productor (RENSPA, BoletoMarca, BoletoSenial, IngresosBrutos, idEstablecimiento, CUITPersona) VALUES ('10.018.0.00644/03', '192100051', NULL, '246.773-7', 337, 20325782723);
INSERT INTO Productor (RENSPA, BoletoMarca, BoletoSenial, IngresosBrutos, idEstablecimiento, CUITPersona) VALUES ('10.018.0.00251/03', '192100402', NULL, NULL, 189, 23233884499);
INSERT INTO Productor (RENSPA, BoletoMarca, BoletoSenial, IngresosBrutos, idEstablecimiento, CUITPersona) VALUES ('10.018.0.00251/00', '192100138', NULL, '911-440461-2', 174, 23073615089);
INSERT INTO Productor (RENSPA, BoletoMarca, BoletoSenial, IngresosBrutos, idEstablecimiento, CUITPersona) VALUES ('10.018.0.00889/01', '192100167', NULL, '187.026/2', 117, 20113452162);
INSERT INTO Productor (RENSPA, BoletoMarca, BoletoSenial, IngresosBrutos, idEstablecimiento, CUITPersona) VALUES ('10.019.0.00947/00', '192100153', NULL, '159.511-4', 229, 30639217759);
INSERT INTO Productor (RENSPA, BoletoMarca, BoletoSenial, IngresosBrutos, idEstablecimiento, CUITPersona) VALUES ('10.018.0.00590/03', '192100153', NULL, '159.511-4', 402, 30639217759);
INSERT INTO Productor (RENSPA, BoletoMarca, BoletoSenial, IngresosBrutos, idEstablecimiento, CUITPersona) VALUES ('10.018.0.00255/00', '192100086', NULL, '153.116-1', 322, 23144995619);
INSERT INTO Productor (RENSPA, BoletoMarca, BoletoSenial, IngresosBrutos, idEstablecimiento, CUITPersona) VALUES ('10.019.0.00039/00', '192100086', NULL, '153.116-1', 406, 23144995619);
INSERT INTO Productor (RENSPA, BoletoMarca, BoletoSenial, IngresosBrutos, idEstablecimiento, CUITPersona) VALUES ('10.018.0.00497/00', '192100115', NULL, '161.430-1', 91, 20042372251);
INSERT INTO Productor (RENSPA, BoletoMarca, BoletoSenial, IngresosBrutos, idEstablecimiento, CUITPersona) VALUES ('10.018.0.00491/00', '192100120', NULL, '159.027-0', 66, 20121249392);
INSERT INTO Productor (RENSPA, BoletoMarca, BoletoSenial, IngresosBrutos, idEstablecimiento, CUITPersona) VALUES ('10.019.0.04023/00', '192100123', NULL, '114.860-8', 51, 30632093108);
INSERT INTO Productor (RENSPA, BoletoMarca, BoletoSenial, IngresosBrutos, idEstablecimiento, CUITPersona) VALUES ('10.021.0.00271/00', '192100123', NULL, '114.860-8', 114, 30632093108);
INSERT INTO Productor (RENSPA, BoletoMarca, BoletoSenial, IngresosBrutos, idEstablecimiento, CUITPersona) VALUES ('10.018.0.00649/03', '192100314', NULL, '231.953-3', 103, 20286187030);
INSERT INTO Productor (RENSPA, BoletoMarca, BoletoSenial, IngresosBrutos, idEstablecimiento, CUITPersona) VALUES ('10.018.0.00257/01', '192100313', NULL, '204.984-9', 336, 20073579261);
INSERT INTO Productor (RENSPA, BoletoMarca, BoletoSenial, IngresosBrutos, idEstablecimiento, CUITPersona) VALUES ('10.018.0.00203/08', '067900084', NULL, NULL, 276, 20180538187);
INSERT INTO Productor (RENSPA, BoletoMarca, BoletoSenial, IngresosBrutos, idEstablecimiento, CUITPersona) VALUES ('10.019.0.00285/02', '192100006', NULL, '229.793-4', 353, 27042987919);
INSERT INTO Productor (RENSPA, BoletoMarca, BoletoSenial, IngresosBrutos, idEstablecimiento, CUITPersona) VALUES ('10.019.0.00903/01', '192100384', NULL, '244373-3', 339, 20314884788);
INSERT INTO Productor (RENSPA, BoletoMarca, BoletoSenial, IngresosBrutos, idEstablecimiento, CUITPersona) VALUES ('10.018.0.00160/08', '183300027', NULL, '166.951-6', 374, 20138177751);
INSERT INTO Productor (RENSPA, BoletoMarca, BoletoSenial, IngresosBrutos, idEstablecimiento, CUITPersona) VALUES ('10.018.0.00160/07', '183300132', NULL, '193.494-6', 375, 23243379229);
INSERT INTO Productor (RENSPA, BoletoMarca, BoletoSenial, IngresosBrutos, idEstablecimiento, CUITPersona) VALUES ('10.021.0.00841/00', '210500138', NULL, NULL, 378, 20130422137);
INSERT INTO Productor (RENSPA, BoletoMarca, BoletoSenial, IngresosBrutos, idEstablecimiento, CUITPersona) VALUES ('10.018.0.00260/00', '192100116', NULL, '125.255-4', 157, 20073523924);
INSERT INTO Productor (RENSPA, BoletoMarca, BoletoSenial, IngresosBrutos, idEstablecimiento, CUITPersona) VALUES ('10.018.0.00015/00', '192100256', NULL, '192.381-2', 13, 23257963349);
INSERT INTO Productor (RENSPA, BoletoMarca, BoletoSenial, IngresosBrutos, idEstablecimiento, CUITPersona) VALUES ('10.018.0.00439/00', '192100057', NULL, '166.688-3', 130, 20073615195);
INSERT INTO Productor (RENSPA, BoletoMarca, BoletoSenial, IngresosBrutos, idEstablecimiento, CUITPersona) VALUES ('10.018.0.00268/02', '192100291', NULL, '212.238-6', 62, 20263345682);
INSERT INTO Productor (RENSPA, BoletoMarca, BoletoSenial, IngresosBrutos, idEstablecimiento, CUITPersona) VALUES ('10.018.0.00266/03', '192100353', NULL, '189.160-1', 396, 23244431739);
INSERT INTO Productor (RENSPA, BoletoMarca, BoletoSenial, IngresosBrutos, idEstablecimiento, CUITPersona) VALUES ('10.018.0.00264/00', '192100074', NULL, '157.424-9', 133, 20073531765);
INSERT INTO Productor (RENSPA, BoletoMarca, BoletoSenial, IngresosBrutos, idEstablecimiento, CUITPersona) VALUES ('10.018.0.00265/00', '192100231', NULL, '139.791-8', 98, 20073656150);
INSERT INTO Productor (RENSPA, BoletoMarca, BoletoSenial, IngresosBrutos, idEstablecimiento, CUITPersona) VALUES ('10.018.0.00266/01', '192100217', '182100353', '191.532-9', 395, 20238606021);
INSERT INTO Productor (RENSPA, BoletoMarca, BoletoSenial, IngresosBrutos, idEstablecimiento, CUITPersona) VALUES ('10.018.0.00268/00', '192100103', NULL, '140.487-0', 61, 20073666970);
INSERT INTO Productor (RENSPA, BoletoMarca, BoletoSenial, IngresosBrutos, idEstablecimiento, CUITPersona) VALUES ('10.018.0.00248/12', '190300169', NULL, '921-340330-5', 324, 30709241679);
INSERT INTO Productor (RENSPA, BoletoMarca, BoletoSenial, IngresosBrutos, idEstablecimiento, CUITPersona) VALUES ('10.018.0.00670/08', '190300169', NULL, '921-340330-5', 156, 30709241679);
INSERT INTO Productor (RENSPA, BoletoMarca, BoletoSenial, IngresosBrutos, idEstablecimiento, CUITPersona) VALUES ('10.018.0.00556/04', '192100107', NULL, '161.864-8', 81, 20052669007);
INSERT INTO Productor (RENSPA, BoletoMarca, BoletoSenial, IngresosBrutos, idEstablecimiento, CUITPersona) VALUES ('10.018.0.00270/00', '192100216', NULL, '129.917-7', 275, 20073656037);
INSERT INTO Productor (RENSPA, BoletoMarca, BoletoSenial, IngresosBrutos, idEstablecimiento, CUITPersona) VALUES ('10.018.0.00645/00', '192100068', NULL, '173.823-4', 248, 27009841720);
INSERT INTO Productor (RENSPA, BoletoMarca, BoletoSenial, IngresosBrutos, idEstablecimiento, CUITPersona) VALUES ('10.018.0.00504/00', '192100322', '182100361', '100.212-8', 14, 20083677644);
INSERT INTO Productor (RENSPA, BoletoMarca, BoletoSenial, IngresosBrutos, idEstablecimiento, CUITPersona) VALUES ('10.019.0.00856/00', '192100134', NULL, '136.858-1', 236, 20107899821);
INSERT INTO Productor (RENSPA, BoletoMarca, BoletoSenial, IngresosBrutos, idEstablecimiento, CUITPersona) VALUES ('10.019.0.00856/01', '192100334', NULL, '231.229-7', 237, 30712066500);
INSERT INTO Productor (RENSPA, BoletoMarca, BoletoSenial, IngresosBrutos, idEstablecimiento, CUITPersona) VALUES ('10.018.1.00273/00', '192100012', NULL, '131.522-8', 246, 20073615063);
INSERT INTO Productor (RENSPA, BoletoMarca, BoletoSenial, IngresosBrutos, idEstablecimiento, CUITPersona) VALUES ('10.018.0.00277/00', '192100369', NULL, NULL, 51, 20171972362);
INSERT INTO Productor (RENSPA, BoletoMarca, BoletoSenial, IngresosBrutos, idEstablecimiento, CUITPersona) VALUES ('10.018.0.00281/02', '192100359', NULL, NULL, 334, 20130086730);
INSERT INTO Productor (RENSPA, BoletoMarca, BoletoSenial, IngresosBrutos, idEstablecimiento, CUITPersona) VALUES ('10.019.0.03030/01', '191500187', NULL, NULL, 139, 20241589235);
INSERT INTO Productor (RENSPA, BoletoMarca, BoletoSenial, IngresosBrutos, idEstablecimiento, CUITPersona) VALUES ('10.018.1.00279/00', '192100112', NULL, '145.477-6', 357, 20077234048);
INSERT INTO Productor (RENSPA, BoletoMarca, BoletoSenial, IngresosBrutos, idEstablecimiento, CUITPersona) VALUES ('10.018.1.00279/01', '180800092', NULL, '161.438-7', 358, 20204423343);
INSERT INTO Productor (RENSPA, BoletoMarca, BoletoSenial, IngresosBrutos, idEstablecimiento, CUITPersona) VALUES ('10.018.0.00251/02', '192100383', NULL, '254.830-8', 173, 20147065273);
INSERT INTO Productor (RENSPA, BoletoMarca, BoletoSenial, IngresosBrutos, idEstablecimiento, CUITPersona) VALUES ('10.018.0.00282/01', '192100143', NULL, '177.959-0', 387, 20230880639);
INSERT INTO Productor (RENSPA, BoletoMarca, BoletoSenial, IngresosBrutos, idEstablecimiento, CUITPersona) VALUES ('10.019.0.00465/01', '192100284', NULL, '202.729-2', 89, 20073615101);
INSERT INTO Productor (RENSPA, BoletoMarca, BoletoSenial, IngresosBrutos, idEstablecimiento, CUITPersona) VALUES ('10.021.0.00315/01', '192100248', NULL, '190.226-8', 384, 20266104686);
INSERT INTO Productor (RENSPA, BoletoMarca, BoletoSenial, IngresosBrutos, idEstablecimiento, CUITPersona) VALUES ('10.019.0.00312/02', '192100248', NULL, '190.226-8', 56, 20266104686);
INSERT INTO Productor (RENSPA, BoletoMarca, BoletoSenial, IngresosBrutos, idEstablecimiento, CUITPersona) VALUES ('10.018.0.00281/00', '192100026', NULL, '197.430-8', 335, 20166182302);
INSERT INTO Productor (RENSPA, BoletoMarca, BoletoSenial, IngresosBrutos, idEstablecimiento, CUITPersona) VALUES ('10.019.0.00312/00', '192100025', NULL, '157.427-0', 55, 20073644489);
INSERT INTO Productor (RENSPA, BoletoMarca, BoletoSenial, IngresosBrutos, idEstablecimiento, CUITPersona) VALUES ('10.021.0.00315/00', '192100025', NULL, '157.427-0', 383, 20073644489);
INSERT INTO Productor (RENSPA, BoletoMarca, BoletoSenial, IngresosBrutos, idEstablecimiento, CUITPersona) VALUES ('10.018.0.00282/00', '192100004', NULL, '161.422-6', 386, 20073475393);
INSERT INTO Productor (RENSPA, BoletoMarca, BoletoSenial, IngresosBrutos, idEstablecimiento, CUITPersona) VALUES ('10.018.0.00519/00', '192100004', NULL, '161.422-6', 393, 20073475393);
INSERT INTO Productor (RENSPA, BoletoMarca, BoletoSenial, IngresosBrutos, idEstablecimiento, CUITPersona) VALUES ('10.018.0.00491/11', '191500207', NULL, '239027-5', 65, 20073533989);
INSERT INTO Productor (RENSPA, BoletoMarca, BoletoSenial, IngresosBrutos, idEstablecimiento, CUITPersona) VALUES ('10.019.0.00305/03', '182500155', NULL, '902-058112-9', 63, 30707931716);
INSERT INTO Productor (RENSPA, BoletoMarca, BoletoSenial, IngresosBrutos, idEstablecimiento, CUITPersona) VALUES ('10.018.0.00540/00', '192100331', NULL, '140.853-7', 29, 20073615268);
INSERT INTO Productor (RENSPA, BoletoMarca, BoletoSenial, IngresosBrutos, idEstablecimiento, CUITPersona) VALUES ('10.018.0.00386/00', '192100300', NULL, '146.436-4', 273, 27043849951);
INSERT INTO Productor (RENSPA, BoletoMarca, BoletoSenial, IngresosBrutos, idEstablecimiento, CUITPersona) VALUES ('10.018.0.00248/14', '192100300', NULL, '146.436-4', 323, 27043849951);
INSERT INTO Productor (RENSPA, BoletoMarca, BoletoSenial, IngresosBrutos, idEstablecimiento, CUITPersona) VALUES ('10.018.0.00451/07', '192100328', NULL, '902-309629-0', 262, 30710421370);
INSERT INTO Productor (RENSPA, BoletoMarca, BoletoSenial, IngresosBrutos, idEstablecimiento, CUITPersona) VALUES ('10.018.0.00288/03', '192100002', NULL, '180.460-1', 85, 27103425854);
INSERT INTO Productor (RENSPA, BoletoMarca, BoletoSenial, IngresosBrutos, idEstablecimiento, CUITPersona) VALUES ('10.018.0.00290/00', '192100098', '182100362', '157.426-3', 27, 27144058262);
INSERT INTO Productor (RENSPA, BoletoMarca, BoletoSenial, IngresosBrutos, idEstablecimiento, CUITPersona) VALUES ('10.019.0.00442/01', '192100214', NULL, '191.138/9', 408, 20100749867);
INSERT INTO Productor (RENSPA, BoletoMarca, BoletoSenial, IngresosBrutos, idEstablecimiento, CUITPersona) VALUES ('10.019.0.00404/03', '192100308', '192100372', '214.131-6', 391, 20179599369);
INSERT INTO Productor (RENSPA, BoletoMarca, BoletoSenial, IngresosBrutos, idEstablecimiento, CUITPersona) VALUES ('10.019.0.02023/05', '192100308', '192100372', '214.131-6', 43, 20179599369);
INSERT INTO Productor (RENSPA, BoletoMarca, BoletoSenial, IngresosBrutos, idEstablecimiento, CUITPersona) VALUES ('10.019.0.00741/01', '192100258', NULL, '194.963-8', 371, 30707995900);
INSERT INTO Productor (RENSPA, BoletoMarca, BoletoSenial, IngresosBrutos, idEstablecimiento, CUITPersona) VALUES ('10.018.1.00246/07', '182500129', NULL, 'perlo01', 314, 20121249716);
INSERT INTO Productor (RENSPA, BoletoMarca, BoletoSenial, IngresosBrutos, idEstablecimiento, CUITPersona) VALUES ('10.019.0.00677/00', '192100298', NULL, '138.362-5', 405, 23083677589);
INSERT INTO Productor (RENSPA, BoletoMarca, BoletoSenial, IngresosBrutos, idEstablecimiento, CUITPersona) VALUES ('10.018.1.00125/01', '192100248', NULL, '190.226-8', 165, 20266104686);
INSERT INTO Productor (RENSPA, BoletoMarca, BoletoSenial, IngresosBrutos, idEstablecimiento, CUITPersona) VALUES ('10.018.1.00125/02', '192100025', NULL, '157.427-0', 164, 20073644489);
INSERT INTO Productor (RENSPA, BoletoMarca, BoletoSenial, IngresosBrutos, idEstablecimiento, CUITPersona) VALUES ('10.018.1.00274/13', NULL, NULL, NULL, 257, 20066314392);
INSERT INTO Productor (RENSPA, BoletoMarca, BoletoSenial, IngresosBrutos, idEstablecimiento, CUITPersona) VALUES ('10.018.0.00227/11', '182500197', NULL, NULL, 123, 20362848025);
INSERT INTO Productor (RENSPA, BoletoMarca, BoletoSenial, IngresosBrutos, idEstablecimiento, CUITPersona) VALUES ('10.018.0.00232/10', '192100394', NULL, NULL, 160, 20374212029);
INSERT INTO Productor (RENSPA, BoletoMarca, BoletoSenial, IngresosBrutos, idEstablecimiento, CUITPersona) VALUES ('10.019.0.00273/01', '192100024', NULL, '202.977-9', 294, 27130109263);
INSERT INTO Productor (RENSPA, BoletoMarca, BoletoSenial, IngresosBrutos, idEstablecimiento, CUITPersona) VALUES ('10.018.0.00557/02', '192100303', NULL, NULL, 38, 20183917332);
INSERT INTO Productor (RENSPA, BoletoMarca, BoletoSenial, IngresosBrutos, idEstablecimiento, CUITPersona) VALUES ('10.018.0.00203/09', '214300266', NULL, NULL, 277, 27161895992);


INSERT INTO Transportista (idTransportista, IngresosBrutos, CUITPersona) VALUES (0, '', 2055158836);
INSERT INTO Transportista (idTransportista, IngresosBrutos, CUITPersona) VALUES (1, '', 30715902172);
INSERT INTO Transportista (idTransportista, IngresosBrutos, CUITPersona) VALUES (2, '', 20172468803);
INSERT INTO Transportista (idTransportista, IngresosBrutos, CUITPersona) VALUES (3, '904-30710505418', 30710505418);
INSERT INTO Transportista (idTransportista, IngresosBrutos, CUITPersona) VALUES (4, '', 20298570824);
INSERT INTO Transportista (idTransportista, IngresosBrutos, CUITPersona) VALUES (5, '215.201-3', 20218301003);
INSERT INTO Transportista (idTransportista, IngresosBrutos, CUITPersona) VALUES (6, '913-30709390712', 30709390712);
INSERT INTO Transportista (idTransportista, IngresosBrutos, CUITPersona) VALUES (7, '', 27220392630);
INSERT INTO Transportista (idTransportista, IngresosBrutos, CUITPersona) VALUES (8, '', 20241358233);
INSERT INTO Transportista (idTransportista, IngresosBrutos, CUITPersona) VALUES (9, '', 20184440645);
INSERT INTO Transportista (idTransportista, IngresosBrutos, CUITPersona) VALUES (10, '', 20217488266);
INSERT INTO Transportista (idTransportista, IngresosBrutos, CUITPersona) VALUES (11, '', 30712494766);
INSERT INTO Transportista (idTransportista, IngresosBrutos, CUITPersona) VALUES (12, '', 20124429588);
INSERT INTO Transportista (idTransportista, IngresosBrutos, CUITPersona) VALUES (13, '182.076-2', 20229336143);
INSERT INTO Transportista (idTransportista, IngresosBrutos, CUITPersona) VALUES (14, '', 23177192139);
INSERT INTO Transportista (idTransportista, IngresosBrutos, CUITPersona) VALUES (15, '233.985-6', 20141721705);
INSERT INTO Transportista (idTransportista, IngresosBrutos, CUITPersona) VALUES (16, '', 20216253273);
INSERT INTO Transportista (idTransportista, IngresosBrutos, CUITPersona) VALUES (17, '904-20262230180', 20262230180);
INSERT INTO Transportista (idTransportista, IngresosBrutos, CUITPersona) VALUES (18, '', 20113980908);
INSERT INTO Transportista (idTransportista, IngresosBrutos, CUITPersona) VALUES (19, '134.227-7', 2083671549);
INSERT INTO Transportista (idTransportista, IngresosBrutos, CUITPersona) VALUES (20, '', 20083671549);
INSERT INTO Transportista (idTransportista, IngresosBrutos, CUITPersona) VALUES (21, '', 20334649920);
INSERT INTO Transportista (idTransportista, IngresosBrutos, CUITPersona) VALUES (22, '', 20116086477);
INSERT INTO Transportista (idTransportista, IngresosBrutos, CUITPersona) VALUES (23, '', 20116917433);
INSERT INTO Transportista (idTransportista, IngresosBrutos, CUITPersona) VALUES (24, '', 30656352252);
INSERT INTO Transportista (idTransportista, IngresosBrutos, CUITPersona) VALUES (25, '', 20232070294);
INSERT INTO Transportista (idTransportista, IngresosBrutos, CUITPersona) VALUES (26, '', 20178736214);
INSERT INTO Transportista (idTransportista, IngresosBrutos, CUITPersona) VALUES (27, '', 20256682266);
INSERT INTO Transportista (idTransportista, IngresosBrutos, CUITPersona) VALUES (28, '', 2073683204);
INSERT INTO Transportista (idTransportista, IngresosBrutos, CUITPersona) VALUES (29, '', 20275264947);
INSERT INTO Transportista (idTransportista, IngresosBrutos, CUITPersona) VALUES (30, '', 20137554993);
INSERT INTO Transportista (idTransportista, IngresosBrutos, CUITPersona) VALUES (31, '', 2073667659);
INSERT INTO Transportista (idTransportista, IngresosBrutos, CUITPersona) VALUES (32, '', 30715115677);
INSERT INTO Transportista (idTransportista, IngresosBrutos, CUITPersona) VALUES (33, '', 30707321721);
INSERT INTO Transportista (idTransportista, IngresosBrutos, CUITPersona) VALUES (34, '', 20303200887);
INSERT INTO Transportista (idTransportista, IngresosBrutos, CUITPersona) VALUES (35, '', 30707458417);
INSERT INTO Transportista (idTransportista, IngresosBrutos, CUITPersona) VALUES (36, '', 20179029899);
INSERT INTO Transportista (idTransportista, IngresosBrutos, CUITPersona) VALUES (37, '', 20216423861);
INSERT INTO Transportista (idTransportista, IngresosBrutos, CUITPersona) VALUES (38, '', 20243699852);
INSERT INTO Transportista (idTransportista, IngresosBrutos, CUITPersona) VALUES (39, '', 20164777449);
INSERT INTO Transportista (idTransportista, IngresosBrutos, CUITPersona) VALUES (40, '186.448-5', 23223088309);
INSERT INTO Transportista (idTransportista, IngresosBrutos, CUITPersona) VALUES (41, '', 20353539621);
INSERT INTO Transportista (idTransportista, IngresosBrutos, CUITPersona) VALUES (42, '', 20296322726);
INSERT INTO Transportista (idTransportista, IngresosBrutos, CUITPersona) VALUES (43, '', 20269582988);
INSERT INTO Transportista (idTransportista, IngresosBrutos, CUITPersona) VALUES (44, '137307', 30581286119);
INSERT INTO Transportista (idTransportista, IngresosBrutos, CUITPersona) VALUES (45, '', 30709037109);
INSERT INTO Transportista (idTransportista, IngresosBrutos, CUITPersona) VALUES (46, '', 30394865158);
INSERT INTO Transportista (idTransportista, IngresosBrutos, CUITPersona) VALUES (47, '', 23227867639);
INSERT INTO Transportista (idTransportista, IngresosBrutos, CUITPersona) VALUES (48, '', 23117337499);
INSERT INTO Transportista (idTransportista, IngresosBrutos, CUITPersona) VALUES (49, '', 20264237042);
INSERT INTO Transportista (idTransportista, IngresosBrutos, CUITPersona) VALUES (50, '', 30711865604);
INSERT INTO Transportista (idTransportista, IngresosBrutos, CUITPersona) VALUES (51, '', 20363139605);
INSERT INTO Transportista (idTransportista, IngresosBrutos, CUITPersona) VALUES (52, '', 23261689324);
INSERT INTO Transportista (idTransportista, IngresosBrutos, CUITPersona) VALUES (53, '', 30715687409);
INSERT INTO Transportista (idTransportista, IngresosBrutos, CUITPersona) VALUES (54, '', 20208302427);
INSERT INTO Transportista (idTransportista, IngresosBrutos, CUITPersona) VALUES (55, '175.817/5', 20201070504);
INSERT INTO Transportista (idTransportista, IngresosBrutos, CUITPersona) VALUES (56, '', 23111090114);
INSERT INTO Transportista (idTransportista, IngresosBrutos, CUITPersona) VALUES (57, '', 20245974796);
INSERT INTO Transportista (idTransportista, IngresosBrutos, CUITPersona) VALUES (58, '', 30714288330);
INSERT INTO Transportista (idTransportista, IngresosBrutos, CUITPersona) VALUES (59, '', 30708465646);
INSERT INTO Transportista (idTransportista, IngresosBrutos, CUITPersona) VALUES (60, '', 30583438412);
INSERT INTO Transportista (idTransportista, IngresosBrutos, CUITPersona) VALUES (61, '', 23144526139);
INSERT INTO Transportista (idTransportista, IngresosBrutos, CUITPersona) VALUES (62, '', 20128771590);
INSERT INTO Transportista (idTransportista, IngresosBrutos, CUITPersona) VALUES (63, '', 20239779027);
INSERT INTO Transportista (idTransportista, IngresosBrutos, CUITPersona) VALUES (64, '253.289/7', 30715461265);
INSERT INTO Transportista (idTransportista, IngresosBrutos, CUITPersona) VALUES (65, '', 30709824135);
INSERT INTO Transportista (idTransportista, IngresosBrutos, CUITPersona) VALUES (66, '', 20177345017);
INSERT INTO Transportista (idTransportista, IngresosBrutos, CUITPersona) VALUES (67, '', 2086050545);
INSERT INTO Transportista (idTransportista, IngresosBrutos, CUITPersona) VALUES (68, '241.962-2', 20335261616);
INSERT INTO Transportista (idTransportista, IngresosBrutos, CUITPersona) VALUES (69, '', 20105712317);
INSERT INTO Transportista (idTransportista, IngresosBrutos, CUITPersona) VALUES (70, '', 20265513558);
INSERT INTO Transportista (idTransportista, IngresosBrutos, CUITPersona) VALUES (71, '', 20100547334);
INSERT INTO Transportista (idTransportista, IngresosBrutos, CUITPersona) VALUES (72, '', 23286113974);
INSERT INTO Transportista (idTransportista, IngresosBrutos, CUITPersona) VALUES (73, '', 20179083117);
INSERT INTO Transportista (idTransportista, IngresosBrutos, CUITPersona) VALUES (74, '', 20147065338);
INSERT INTO Transportista (idTransportista, IngresosBrutos, CUITPersona) VALUES (75, '', 23289347739);
INSERT INTO Transportista (idTransportista, IngresosBrutos, CUITPersona) VALUES (76, '', 20232287072);
INSERT INTO Transportista (idTransportista, IngresosBrutos, CUITPersona) VALUES (77, '', 20306814584);
INSERT INTO Transportista (idTransportista, IngresosBrutos, CUITPersona) VALUES (78, '', 20178633598);
INSERT INTO Transportista (idTransportista, IngresosBrutos, CUITPersona) VALUES (79, '', 20246689548);
INSERT INTO Transportista (idTransportista, IngresosBrutos, CUITPersona) VALUES (80, '', 20149443275);
INSERT INTO Transportista (idTransportista, IngresosBrutos, CUITPersona) VALUES (81, '233.690-1', 20352403904);
INSERT INTO Transportista (idTransportista, IngresosBrutos, CUITPersona) VALUES (82, '', 20170725310);
INSERT INTO Transportista (idTransportista, IngresosBrutos, CUITPersona) VALUES (83, '', 20227266067);
INSERT INTO Transportista (idTransportista, IngresosBrutos, CUITPersona) VALUES (84, '', 20236375383);
INSERT INTO Transportista (idTransportista, IngresosBrutos, CUITPersona) VALUES (85, '', 20166728232);
INSERT INTO Transportista (idTransportista, IngresosBrutos, CUITPersona) VALUES (86, '', 30709893080);
INSERT INTO Transportista (idTransportista, IngresosBrutos, CUITPersona) VALUES (87, '', 30708906269);
INSERT INTO Transportista (idTransportista, IngresosBrutos, CUITPersona) VALUES (88, '', 30707397345);
INSERT INTO Transportista (idTransportista, IngresosBrutos, CUITPersona) VALUES (89, '188.138-9', 20270384510);
INSERT INTO Transportista (idTransportista, IngresosBrutos, CUITPersona) VALUES (90, '188.138-9', 30714811726);
INSERT INTO Transportista (idTransportista, IngresosBrutos, CUITPersona) VALUES (91, '', 20322279079);
INSERT INTO Transportista (idTransportista, IngresosBrutos, CUITPersona) VALUES (92, '', 20263274556);
INSERT INTO Transportista (idTransportista, IngresosBrutos, CUITPersona) VALUES (93, '', 20043822366);
INSERT INTO Transportista (idTransportista, IngresosBrutos, CUITPersona) VALUES (94, '', 30709257818);
INSERT INTO Transportista (idTransportista, IngresosBrutos, CUITPersona) VALUES (95, '', 20110822910);
INSERT INTO Transportista (idTransportista, IngresosBrutos, CUITPersona) VALUES (96, '', 30708573805);
INSERT INTO Transportista (idTransportista, IngresosBrutos, CUITPersona) VALUES (97, '175.817/5', 20219132752);
INSERT INTO Transportista (idTransportista, IngresosBrutos, CUITPersona) VALUES (98, '', 33712344739);
INSERT INTO Transportista (idTransportista, IngresosBrutos, CUITPersona) VALUES (99, '242.345-8', 27121407782);
INSERT INTO Transportista (idTransportista, IngresosBrutos, CUITPersona) VALUES (100, '', 27178643431);
INSERT INTO Transportista (idTransportista, IngresosBrutos, CUITPersona) VALUES (101, '', 27376140291);
INSERT INTO Transportista (idTransportista, IngresosBrutos, CUITPersona) VALUES (102, '', 27201974904);
INSERT INTO Transportista (idTransportista, IngresosBrutos, CUITPersona) VALUES (103, '', 27176236200);
INSERT INTO Transportista (idTransportista, IngresosBrutos, CUITPersona) VALUES (104, '', 30539592676);
INSERT INTO Transportista (idTransportista, IngresosBrutos, CUITPersona) VALUES (105, '', 30663416975);
INSERT INTO Transportista (idTransportista, IngresosBrutos, CUITPersona) VALUES (106, '', 23301045379);
INSERT INTO Transportista (idTransportista, IngresosBrutos, CUITPersona) VALUES (107, '', 23224870809);
INSERT INTO Transportista (idTransportista, IngresosBrutos, CUITPersona) VALUES (108, '', 20162133242);
INSERT INTO Transportista (idTransportista, IngresosBrutos, CUITPersona) VALUES (109, '913-20080342633', 2080342633);
INSERT INTO Transportista (idTransportista, IngresosBrutos, CUITPersona) VALUES (110, '', 23240953129);
INSERT INTO Transportista (idTransportista, IngresosBrutos, CUITPersona) VALUES (111, '', 20136622456);
INSERT INTO Transportista (idTransportista, IngresosBrutos, CUITPersona) VALUES (112, '', 20231736302);
INSERT INTO Transportista (idTransportista, IngresosBrutos, CUITPersona) VALUES (113, '214.285-2', 20306995333);
INSERT INTO Transportista (idTransportista, IngresosBrutos, CUITPersona) VALUES (114, '', 27295983464);
INSERT INTO Transportista (idTransportista, IngresosBrutos, CUITPersona) VALUES (115, '', 27253657079);
INSERT INTO Transportista (idTransportista, IngresosBrutos, CUITPersona) VALUES (116, '', 20249002217);
INSERT INTO Transportista (idTransportista, IngresosBrutos, CUITPersona) VALUES (117, '', 23399314569);
INSERT INTO Transportista (idTransportista, IngresosBrutos, CUITPersona) VALUES (118, '911-20281836553', 20281836553);
INSERT INTO Transportista (idTransportista, IngresosBrutos, CUITPersona) VALUES (119, '', 20239733663);
INSERT INTO Transportista (idTransportista, IngresosBrutos, CUITPersona) VALUES (120, '', 20168200898);
INSERT INTO Transportista (idTransportista, IngresosBrutos, CUITPersona) VALUES (121, '', 30712194134);
INSERT INTO Transportista (idTransportista, IngresosBrutos, CUITPersona) VALUES (122, '', 30715037749);
INSERT INTO Transportista (idTransportista, IngresosBrutos, CUITPersona) VALUES (123, '', 20242855567);
INSERT INTO Transportista (idTransportista, IngresosBrutos, CUITPersona) VALUES (124, '', 20143416519);
INSERT INTO Transportista (idTransportista, IngresosBrutos, CUITPersona) VALUES (125, '', 20321203974);
INSERT INTO Transportista (idTransportista, IngresosBrutos, CUITPersona) VALUES (126, '', 20257830714);
INSERT INTO Transportista (idTransportista, IngresosBrutos, CUITPersona) VALUES (127, '', 20219564326);
INSERT INTO Transportista (idTransportista, IngresosBrutos, CUITPersona) VALUES (128, '', 23104553419);
INSERT INTO Transportista (idTransportista, IngresosBrutos, CUITPersona) VALUES (129, '', 20120611802);
INSERT INTO Transportista (idTransportista, IngresosBrutos, CUITPersona) VALUES (130, '', 23231312064);
INSERT INTO Transportista (idTransportista, IngresosBrutos, CUITPersona) VALUES (131, '', 20251929034);
INSERT INTO Transportista (idTransportista, IngresosBrutos, CUITPersona) VALUES (132, '', 23268583289);
INSERT INTO Transportista (idTransportista, IngresosBrutos, CUITPersona) VALUES (133, '', 20262379974);
INSERT INTO Transportista (idTransportista, IngresosBrutos, CUITPersona) VALUES (134, '', 30709057649);
INSERT INTO Transportista (idTransportista, IngresosBrutos, CUITPersona) VALUES (135, '', 30632093108);
INSERT INTO Transportista (idTransportista, IngresosBrutos, CUITPersona) VALUES (136, '', 20297292502);
INSERT INTO Transportista (idTransportista, IngresosBrutos, CUITPersona) VALUES (137, '', 20180538187);
INSERT INTO Transportista (idTransportista, IngresosBrutos, CUITPersona) VALUES (138, '', 20263477554);
INSERT INTO Transportista (idTransportista, IngresosBrutos, CUITPersona) VALUES (139, '', 30707409629);
INSERT INTO Transportista (idTransportista, IngresosBrutos, CUITPersona) VALUES (140, '', 2073621071);
INSERT INTO Transportista (idTransportista, IngresosBrutos, CUITPersona) VALUES (141, '', 20262370799);
INSERT INTO Transportista (idTransportista, IngresosBrutos, CUITPersona) VALUES (142, '', 20136760581);
INSERT INTO Transportista (idTransportista, IngresosBrutos, CUITPersona) VALUES (143, '126.585-1', 20073511039);
INSERT INTO Transportista (idTransportista, IngresosBrutos, CUITPersona) VALUES (144, 'NO', 30711550891);
INSERT INTO Transportista (idTransportista, IngresosBrutos, CUITPersona) VALUES (145, '', 20105368837);
INSERT INTO Transportista (idTransportista, IngresosBrutos, CUITPersona) VALUES (146, '', 20103224315);
INSERT INTO Transportista (idTransportista, IngresosBrutos, CUITPersona) VALUES (147, '240.544-5', 30714264105);
INSERT INTO Transportista (idTransportista, IngresosBrutos, CUITPersona) VALUES (148, '', 20230810835);
INSERT INTO Transportista (idTransportista, IngresosBrutos, CUITPersona) VALUES (149, '', 20122340458);
INSERT INTO Transportista (idTransportista, IngresosBrutos, CUITPersona) VALUES (150, '', 20209141826);
INSERT INTO Transportista (idTransportista, IngresosBrutos, CUITPersona) VALUES (151, '', 23231993789);
INSERT INTO Transportista (idTransportista, IngresosBrutos, CUITPersona) VALUES (152, '', 20343732504);
INSERT INTO Transportista (idTransportista, IngresosBrutos, CUITPersona) VALUES (153, '', 23393868759);
INSERT INTO Transportista (idTransportista, IngresosBrutos, CUITPersona) VALUES (154, '', 2006365636);
INSERT INTO Transportista (idTransportista, IngresosBrutos, CUITPersona) VALUES (155, '', 20166365636);
INSERT INTO Transportista (idTransportista, IngresosBrutos, CUITPersona) VALUES (156, '', 20122944620);
INSERT INTO Transportista (idTransportista, IngresosBrutos, CUITPersona) VALUES (157, '', 20231723235);
INSERT INTO Transportista (idTransportista, IngresosBrutos, CUITPersona) VALUES (158, '201.274-6', 30709070998);
INSERT INTO Transportista (idTransportista, IngresosBrutos, CUITPersona) VALUES (159, '', 30708554096);
INSERT INTO Transportista (idTransportista, IngresosBrutos, CUITPersona) VALUES (160, '', 27247976162);
INSERT INTO Transportista (idTransportista, IngresosBrutos, CUITPersona) VALUES (161, '', 20116526973);
INSERT INTO Transportista (idTransportista, IngresosBrutos, CUITPersona) VALUES (162, '', 30712542086);
INSERT INTO Transportista (idTransportista, IngresosBrutos, CUITPersona) VALUES (163, '902-20241589235', 20241589235);
INSERT INTO Transportista (idTransportista, IngresosBrutos, CUITPersona) VALUES (164, '911-20162769473', 20162769473);
INSERT INTO Transportista (idTransportista, IngresosBrutos, CUITPersona) VALUES (165, '', 20245412275);
INSERT INTO Transportista (idTransportista, IngresosBrutos, CUITPersona) VALUES (166, '', 20362206376);
INSERT INTO Transportista (idTransportista, IngresosBrutos, CUITPersona) VALUES (167, '', 20117225268);
INSERT INTO Transportista (idTransportista, IngresosBrutos, CUITPersona) VALUES (168, '', 20329016391);
INSERT INTO Transportista (idTransportista, IngresosBrutos, CUITPersona) VALUES (169, '', 20337768513);
INSERT INTO Transportista (idTransportista, IngresosBrutos, CUITPersona) VALUES (170, '153.547-7', 20114850110);
INSERT INTO Transportista (idTransportista, IngresosBrutos, CUITPersona) VALUES (171, '', 23179202999);
INSERT INTO Transportista (idTransportista, IngresosBrutos, CUITPersona) VALUES (172, '', 30709971626);
INSERT INTO Transportista (idTransportista, IngresosBrutos, CUITPersona) VALUES (173, '', 30712540482);
INSERT INTO Transportista (idTransportista, IngresosBrutos, CUITPersona) VALUES (174, '', 30710361459);
INSERT INTO Transportista (idTransportista, IngresosBrutos, CUITPersona) VALUES (175, '911-30709360732', 30709360732);
INSERT INTO Transportista (idTransportista, IngresosBrutos, CUITPersona) VALUES (176, '', 30711943435);
INSERT INTO Transportista (idTransportista, IngresosBrutos, CUITPersona) VALUES (177, '', 30710877749);
INSERT INTO Transportista (idTransportista, IngresosBrutos, CUITPersona) VALUES (178, '', 30714817961);
INSERT INTO Transportista (idTransportista, IngresosBrutos, CUITPersona) VALUES (179, '', 30714778400);
INSERT INTO Transportista (idTransportista, IngresosBrutos, CUITPersona) VALUES (180, '', 30709412783);
INSERT INTO Transportista (idTransportista, IngresosBrutos, CUITPersona) VALUES (181, '', 27166558269);
INSERT INTO Transportista (idTransportista, IngresosBrutos, CUITPersona) VALUES (182, '', 33654729129);
INSERT INTO Transportista (idTransportista, IngresosBrutos, CUITPersona) VALUES (183, '', 30708575352);
INSERT INTO Transportista (idTransportista, IngresosBrutos, CUITPersona) VALUES (184, '', 30712799303);
INSERT INTO Transportista (idTransportista, IngresosBrutos, CUITPersona) VALUES (185, '', 2073604088);
INSERT INTO Transportista (idTransportista, IngresosBrutos, CUITPersona) VALUES (186, '', 30714045845);
INSERT INTO Transportista (idTransportista, IngresosBrutos, CUITPersona) VALUES (187, '', 30710421370);
INSERT INTO Transportista (idTransportista, IngresosBrutos, CUITPersona) VALUES (188, '', 20268615319);
INSERT INTO Transportista (idTransportista, IngresosBrutos, CUITPersona) VALUES (189, '', 23124692777);
INSERT INTO Transportista (idTransportista, IngresosBrutos, CUITPersona) VALUES (190, '187.461-5', 20167121676);
INSERT INTO Transportista (idTransportista, IngresosBrutos, CUITPersona) VALUES (191, '', 20177649040);
INSERT INTO Transportista (idTransportista, IngresosBrutos, CUITPersona) VALUES (192, '', 27296430396);
INSERT INTO Transportista (idTransportista, IngresosBrutos, CUITPersona) VALUES (193, '', 20275335151);
INSERT INTO Transportista (idTransportista, IngresosBrutos, CUITPersona) VALUES (194, '', 30709476072);
INSERT INTO Transportista (idTransportista, IngresosBrutos, CUITPersona) VALUES (195, '', 33711123739);
INSERT INTO Transportista (idTransportista, IngresosBrutos, CUITPersona) VALUES (196, '', 20116450942);
INSERT INTO Transportista (idTransportista, IngresosBrutos, CUITPersona) VALUES (197, '', 30694835097);
INSERT INTO Transportista (idTransportista, IngresosBrutos, CUITPersona) VALUES (198, '', 30668439884);
INSERT INTO Transportista (idTransportista, IngresosBrutos, CUITPersona) VALUES (199, '', 20129714884);



INSERT INTO Camion (Chofer, ChapaChasis, ChapaAcoplado, idTransportista) VALUES (NULL, 'JKJ930', 'AB937ZX', 0);
INSERT INTO Camion (Chofer, ChapaChasis, ChapaAcoplado, idTransportista) VALUES (NULL, 'VQQ454', 'VQQ455', 1);
INSERT INTO Camion (Chofer, ChapaChasis, ChapaAcoplado, idTransportista) VALUES (NULL, 'XBY827', 'WHY780', 2);
INSERT INTO Camion (Chofer, ChapaChasis, ChapaAcoplado, idTransportista) VALUES (NULL, 'BJZ625', 'WHY780', 2);
INSERT INTO Camion (Chofer, ChapaChasis, ChapaAcoplado, idTransportista) VALUES (NULL, 'MDU053', 'LUY783', 3);
INSERT INTO Camion (Chofer, ChapaChasis, ChapaAcoplado, idTransportista) VALUES (NULL, 'OEJ747', 'GGP424', 4);
INSERT INTO Camion (Chofer, ChapaChasis, ChapaAcoplado, idTransportista) VALUES (NULL, 'AB519GE', 'WNT833', 5);
INSERT INTO Camion (Chofer, ChapaChasis, ChapaAcoplado, idTransportista) VALUES (NULL, 'AB30OH', 'GZA044', 6);
INSERT INTO Camion (Chofer, ChapaChasis, ChapaAcoplado, idTransportista) VALUES (NULL, 'AB065ZR', 'OWX796', 6);
INSERT INTO Camion (Chofer, ChapaChasis, ChapaAcoplado, idTransportista) VALUES (NULL, 'AB065ZR', 'AC147JA', 6);
INSERT INTO Camion (Chofer, ChapaChasis, ChapaAcoplado, idTransportista) VALUES (NULL, 'UZZ373', 'WRL367', 7);
INSERT INTO Camion (Chofer, ChapaChasis, ChapaAcoplado, idTransportista) VALUES (NULL, 'FDW985', 'WRL367', 7);
INSERT INTO Camion (Chofer, ChapaChasis, ChapaAcoplado, idTransportista) VALUES (NULL, 'GAJ279', 'AB819QM', 8);
INSERT INTO Camion (Chofer, ChapaChasis, ChapaAcoplado, idTransportista) VALUES (NULL, 'CLJ560', '', 9);
INSERT INTO Camion (Chofer, ChapaChasis, ChapaAcoplado, idTransportista) VALUES (NULL, 'KGN883', 'JSB669', 10);
INSERT INTO Camion (Chofer, ChapaChasis, ChapaAcoplado, idTransportista) VALUES (NULL, 'AC818VZ', 'MZI186', 10);
INSERT INTO Camion (Chofer, ChapaChasis, ChapaAcoplado, idTransportista) VALUES (NULL, 'AA060SU', 'HZT144', 10);
INSERT INTO Camion (Chofer, ChapaChasis, ChapaAcoplado, idTransportista) VALUES (NULL, 'HID269', 'LBD790', 10);
INSERT INTO Camion (Chofer, ChapaChasis, ChapaAcoplado, idTransportista) VALUES (NULL, 'AA060SU', 'LBD790', 10);
INSERT INTO Camion (Chofer, ChapaChasis, ChapaAcoplado, idTransportista) VALUES (NULL, 'AB580SU', 'AB580TP', 10);
INSERT INTO Camion (Chofer, ChapaChasis, ChapaAcoplado, idTransportista) VALUES (NULL, 'AB580SU', 'AD152ST', 10);
INSERT INTO Camion (Chofer, ChapaChasis, ChapaAcoplado, idTransportista) VALUES (NULL, 'FHA207', 'AB125GU', 11);
INSERT INTO Camion (Chofer, ChapaChasis, ChapaAcoplado, idTransportista) VALUES (NULL, 'AA304UV', '', 12);
INSERT INTO Camion (Chofer, ChapaChasis, ChapaAcoplado, idTransportista) VALUES (NULL, 'CTQ153', 'DQI306', 13);
INSERT INTO Camion (Chofer, ChapaChasis, ChapaAcoplado, idTransportista) VALUES (NULL, 'CTQ153', 'SWR410', 13);
INSERT INTO Camion (Chofer, ChapaChasis, ChapaAcoplado, idTransportista) VALUES (NULL, 'EWD790', 'DQI306', 13);
INSERT INTO Camion (Chofer, ChapaChasis, ChapaAcoplado, idTransportista) VALUES (NULL, 'FBS544', 'BXS635', 13);
INSERT INTO Camion (Chofer, ChapaChasis, ChapaAcoplado, idTransportista) VALUES (NULL, 'FBS544', 'SWR410', 13);
INSERT INTO Camion (Chofer, ChapaChasis, ChapaAcoplado, idTransportista) VALUES (NULL, 'GHH867', 'SWR410', 13);
INSERT INTO Camion (Chofer, ChapaChasis, ChapaAcoplado, idTransportista) VALUES (NULL, 'GZN279', 'SWR410', 13);
INSERT INTO Camion (Chofer, ChapaChasis, ChapaAcoplado, idTransportista) VALUES (NULL, 'SBS544', 'SWR410', 13);
INSERT INTO Camion (Chofer, ChapaChasis, ChapaAcoplado, idTransportista) VALUES (NULL, 'FEQ410', 'SWR410', 13);
INSERT INTO Camion (Chofer, ChapaChasis, ChapaAcoplado, idTransportista) VALUES (NULL, 'EWD790', 'CTW581', 13);
INSERT INTO Camion (Chofer, ChapaChasis, ChapaAcoplado, idTransportista) VALUES (NULL, 'EWD790', 'CTW581', 13);
INSERT INTO Camion (Chofer, ChapaChasis, ChapaAcoplado, idTransportista) VALUES (NULL, 'FEO710', 'DQI306', 13);
INSERT INTO Camion (Chofer, ChapaChasis, ChapaAcoplado, idTransportista) VALUES (NULL, 'MWN658', 'FIJ126', 14);
INSERT INTO Camion (Chofer, ChapaChasis, ChapaAcoplado, idTransportista) VALUES (NULL, 'HVV854', 'GJK545', 15);
INSERT INTO Camion (Chofer, ChapaChasis, ChapaAcoplado, idTransportista) VALUES (NULL, 'FCP803', 'RAM473', 15);
INSERT INTO Camion (Chofer, ChapaChasis, ChapaAcoplado, idTransportista) VALUES (NULL, 'UOU725', 'RQT543', 15);
INSERT INTO Camion (Chofer, ChapaChasis, ChapaAcoplado, idTransportista) VALUES (NULL, 'AB295AD', 'MPD799', 16);
INSERT INTO Camion (Chofer, ChapaChasis, ChapaAcoplado, idTransportista) VALUES (NULL, 'EBD174', 'VIN964', 17);
INSERT INTO Camion (Chofer, ChapaChasis, ChapaAcoplado, idTransportista) VALUES (NULL, 'LXR527', 'EQB532', 17);
INSERT INTO Camion (Chofer, ChapaChasis, ChapaAcoplado, idTransportista) VALUES (NULL, 'SEL336', 'ETR374', 17);
INSERT INTO Camion (Chofer, ChapaChasis, ChapaAcoplado, idTransportista) VALUES (NULL, 'OMK911', 'EOH271', 17);
INSERT INTO Camion (Chofer, ChapaChasis, ChapaAcoplado, idTransportista) VALUES (NULL, 'AA193SJ', 'JYI034', 18);
INSERT INTO Camion (Chofer, ChapaChasis, ChapaAcoplado, idTransportista) VALUES (NULL, 'NLD169', 'FKU156', 18);
INSERT INTO Camion (Chofer, ChapaChasis, ChapaAcoplado, idTransportista) VALUES (NULL, 'AC237YI', 'OOS080', 18);
INSERT INTO Camion (Chofer, ChapaChasis, ChapaAcoplado, idTransportista) VALUES (NULL, 'AA666ZJ', 'TNQ030', 19);
INSERT INTO Camion (Chofer, ChapaChasis, ChapaAcoplado, idTransportista) VALUES (NULL, 'MRK537', 'HSJ474', 19);
INSERT INTO Camion (Chofer, ChapaChasis, ChapaAcoplado, idTransportista) VALUES (NULL, 'PMZ939', 'FRB808', 19);
INSERT INTO Camion (Chofer, ChapaChasis, ChapaAcoplado, idTransportista) VALUES (NULL, 'PMZ939', 'FRB808', 19);
INSERT INTO Camion (Chofer, ChapaChasis, ChapaAcoplado, idTransportista) VALUES (NULL, 'LFP426', 'HMJ989', 20);
INSERT INTO Camion (Chofer, ChapaChasis, ChapaAcoplado, idTransportista) VALUES (NULL, 'AC614LI', 'HMJ989', 20);
INSERT INTO Camion (Chofer, ChapaChasis, ChapaAcoplado, idTransportista) VALUES (NULL, 'AC614LI', 'HMJ989', 21);
INSERT INTO Camion (Chofer, ChapaChasis, ChapaAcoplado, idTransportista) VALUES (NULL, 'LFP426', 'HMJ989', 21);
INSERT INTO Camion (Chofer, ChapaChasis, ChapaAcoplado, idTransportista) VALUES (NULL, 'MRK537', 'PCK581', 21);
INSERT INTO Camion (Chofer, ChapaChasis, ChapaAcoplado, idTransportista) VALUES (NULL, 'MRK537', 'HSJ474', 21);
INSERT INTO Camion (Chofer, ChapaChasis, ChapaAcoplado, idTransportista) VALUES (NULL, 'PMZ939', 'FRB808', 21);
INSERT INTO Camion (Chofer, ChapaChasis, ChapaAcoplado, idTransportista) VALUES (NULL, 'PMZ939', 'PCK581', 21);
INSERT INTO Camion (Chofer, ChapaChasis, ChapaAcoplado, idTransportista) VALUES (NULL, 'JDF342', 'MIU012', 22);
INSERT INTO Camion (Chofer, ChapaChasis, ChapaAcoplado, idTransportista) VALUES (NULL, 'LSF313', 'GOR858', 23);
INSERT INTO Camion (Chofer, ChapaChasis, ChapaAcoplado, idTransportista) VALUES (NULL, 'LSF313', 'FUS862', 23);
INSERT INTO Camion (Chofer, ChapaChasis, ChapaAcoplado, idTransportista) VALUES (NULL, 'LXW316', 'FUS862', 23);
INSERT INTO Camion (Chofer, ChapaChasis, ChapaAcoplado, idTransportista) VALUES (NULL, 'LXW316', 'GOR858', 23);
INSERT INTO Camion (Chofer, ChapaChasis, ChapaAcoplado, idTransportista) VALUES (NULL, 'FRQ526', 'DNG914', 24);
INSERT INTO Camion (Chofer, ChapaChasis, ChapaAcoplado, idTransportista) VALUES (NULL, 'LZI569', 'AC509YX', 25);
INSERT INTO Camion (Chofer, ChapaChasis, ChapaAcoplado, idTransportista) VALUES (NULL, 'EBD778', 'VKN681', 26);
INSERT INTO Camion (Chofer, ChapaChasis, ChapaAcoplado, idTransportista) VALUES (NULL, 'EBD778', 'AB571AA', 26);
INSERT INTO Camion (Chofer, ChapaChasis, ChapaAcoplado, idTransportista) VALUES (NULL, 'EFD147', 'OAI812', 26);
INSERT INTO Camion (Chofer, ChapaChasis, ChapaAcoplado, idTransportista) VALUES (NULL, 'ESD143', 'FRL194', 26);
INSERT INTO Camion (Chofer, ChapaChasis, ChapaAcoplado, idTransportista) VALUES (NULL, 'FMU479', 'LVR570', 26);
INSERT INTO Camion (Chofer, ChapaChasis, ChapaAcoplado, idTransportista) VALUES (NULL, 'GIT902', 'IGG616', 26);
INSERT INTO Camion (Chofer, ChapaChasis, ChapaAcoplado, idTransportista) VALUES (NULL, 'LZI575', 'CRU962', 26);
INSERT INTO Camion (Chofer, ChapaChasis, ChapaAcoplado, idTransportista) VALUES (NULL, 'MMK905', 'LOP395', 26);
INSERT INTO Camion (Chofer, ChapaChasis, ChapaAcoplado, idTransportista) VALUES (NULL, 'MLW853', 'ELQ124', 27);
INSERT INTO Camion (Chofer, ChapaChasis, ChapaAcoplado, idTransportista) VALUES (NULL, 'KWP235', 'UFX699', 27);
INSERT INTO Camion (Chofer, ChapaChasis, ChapaAcoplado, idTransportista) VALUES (NULL, 'KWP235', 'RPC285', 27);
INSERT INTO Camion (Chofer, ChapaChasis, ChapaAcoplado, idTransportista) VALUES (NULL, 'LPL279', 'FVG637', 28);
INSERT INTO Camion (Chofer, ChapaChasis, ChapaAcoplado, idTransportista) VALUES (NULL, 'JEC195', 'KKV380', 29);
INSERT INTO Camion (Chofer, ChapaChasis, ChapaAcoplado, idTransportista) VALUES (NULL, 'CWY109', 'GSQ486', 30);
INSERT INTO Camion (Chofer, ChapaChasis, ChapaAcoplado, idTransportista) VALUES (NULL, 'EYZ914', 'HZT496', 31);
INSERT INTO Camion (Chofer, ChapaChasis, ChapaAcoplado, idTransportista) VALUES (NULL, 'VKP662', '', 32);
INSERT INTO Camion (Chofer, ChapaChasis, ChapaAcoplado, idTransportista) VALUES (NULL, 'PQZ126', 'RVE603', 33);
INSERT INTO Camion (Chofer, ChapaChasis, ChapaAcoplado, idTransportista) VALUES (NULL, 'JEA375', 'VHE818', 33);
INSERT INTO Camion (Chofer, ChapaChasis, ChapaAcoplado, idTransportista) VALUES (NULL, 'FFG787', '', 34);
INSERT INTO Camion (Chofer, ChapaChasis, ChapaAcoplado, idTransportista) VALUES (NULL, 'WYZ809', 'TMW568', 35);
INSERT INTO Camion (Chofer, ChapaChasis, ChapaAcoplado, idTransportista) VALUES (NULL, 'AC180UH', 'LQY216', 36);
INSERT INTO Camion (Chofer, ChapaChasis, ChapaAcoplado, idTransportista) VALUES (NULL, 'AD003OG', 'D662LM', 36);
INSERT INTO Camion (Chofer, ChapaChasis, ChapaAcoplado, idTransportista) VALUES (NULL, 'AD003OG', 'AD662LM', 36);
INSERT INTO Camion (Chofer, ChapaChasis, ChapaAcoplado, idTransportista) VALUES (NULL, 'ITA313', 'BMX804', 37);
INSERT INTO Camion (Chofer, ChapaChasis, ChapaAcoplado, idTransportista) VALUES (NULL, 'PCW775', 'OWM092', 37);
INSERT INTO Camion (Chofer, ChapaChasis, ChapaAcoplado, idTransportista) VALUES (NULL, 'PCW775', 'DON423', 37);
INSERT INTO Camion (Chofer, ChapaChasis, ChapaAcoplado, idTransportista) VALUES (NULL, 'EWV843', 'HRZ022', 37);
INSERT INTO Camion (Chofer, ChapaChasis, ChapaAcoplado, idTransportista) VALUES (NULL, 'HGB653', 'WUK832', 38);
INSERT INTO Camion (Chofer, ChapaChasis, ChapaAcoplado, idTransportista) VALUES (NULL, 'AC176ZM', 'MQM540', 39);
INSERT INTO Camion (Chofer, ChapaChasis, ChapaAcoplado, idTransportista) VALUES (NULL, 'AC043WA', '', 40);
INSERT INTO Camion (Chofer, ChapaChasis, ChapaAcoplado, idTransportista) VALUES (NULL, 'NIL348', 'SEA244', 41);
INSERT INTO Camion (Chofer, ChapaChasis, ChapaAcoplado, idTransportista) VALUES (NULL, 'NIL334', 'IVX795', 42);
INSERT INTO Camion (Chofer, ChapaChasis, ChapaAcoplado, idTransportista) VALUES (NULL, 'EFK263', 'FTZ011', 43);
INSERT INTO Camion (Chofer, ChapaChasis, ChapaAcoplado, idTransportista) VALUES (NULL, 'AB341XC', 'ODW214', 44);
INSERT INTO Camion (Chofer, ChapaChasis, ChapaAcoplado, idTransportista) VALUES (NULL, 'LWM950', 'ODW214', 44);
INSERT INTO Camion (Chofer, ChapaChasis, ChapaAcoplado, idTransportista) VALUES (NULL, 'PMZ940', 'AA224GC', 45);
INSERT INTO Camion (Chofer, ChapaChasis, ChapaAcoplado, idTransportista) VALUES (NULL, 'MAI154', 'NWG154', 46);
INSERT INTO Camion (Chofer, ChapaChasis, ChapaAcoplado, idTransportista) VALUES (NULL, 'HSF954', 'AD729IX', 47);
INSERT INTO Camion (Chofer, ChapaChasis, ChapaAcoplado, idTransportista) VALUES (NULL, 'GTS823', '', 48);
INSERT INTO Camion (Chofer, ChapaChasis, ChapaAcoplado, idTransportista) VALUES (NULL, 'FVB317', 'GBX743', 49);
INSERT INTO Camion (Chofer, ChapaChasis, ChapaAcoplado, idTransportista) VALUES (NULL, 'AC758DW', 'CIP425', 50);
INSERT INTO Camion (Chofer, ChapaChasis, ChapaAcoplado, idTransportista) VALUES (NULL, 'FQQ788', 'EEG217', 51);
INSERT INTO Camion (Chofer, ChapaChasis, ChapaAcoplado, idTransportista) VALUES (NULL, 'GRV604', 'CWO568', 51);
INSERT INTO Camion (Chofer, ChapaChasis, ChapaAcoplado, idTransportista) VALUES (NULL, 'GRV604', 'RST952', 52);
INSERT INTO Camion (Chofer, ChapaChasis, ChapaAcoplado, idTransportista) VALUES (NULL, 'FQQ788', 'WMP071', 52);
INSERT INTO Camion (Chofer, ChapaChasis, ChapaAcoplado, idTransportista) VALUES (NULL, 'SQO765', 'RST952', 52);
INSERT INTO Camion (Chofer, ChapaChasis, ChapaAcoplado, idTransportista) VALUES (NULL, 'GRV604', 'CWO568', 52);
INSERT INTO Camion (Chofer, ChapaChasis, ChapaAcoplado, idTransportista) VALUES (NULL, 'AD292JW', 'UHT618', 53);
INSERT INTO Camion (Chofer, ChapaChasis, ChapaAcoplado, idTransportista) VALUES (NULL, 'ULG001', '', 54);
INSERT INTO Camion (Chofer, ChapaChasis, ChapaAcoplado, idTransportista) VALUES (NULL, 'LAI670', 'BAN334', 55);
INSERT INTO Camion (Chofer, ChapaChasis, ChapaAcoplado, idTransportista) VALUES (NULL, 'LAU042', 'ONY476', 56);
INSERT INTO Camion (Chofer, ChapaChasis, ChapaAcoplado, idTransportista) VALUES (NULL, 'FQD978', '', 57);
INSERT INTO Camion (Chofer, ChapaChasis, ChapaAcoplado, idTransportista) VALUES (NULL, 'LBL588', 'TNQ030', 58);
INSERT INTO Camion (Chofer, ChapaChasis, ChapaAcoplado, idTransportista) VALUES (NULL, 'HDC801', 'OXA650', 59);
INSERT INTO Camion (Chofer, ChapaChasis, ChapaAcoplado, idTransportista) VALUES (NULL, 'GEX666', 'PDS931', 60);
INSERT INTO Camion (Chofer, ChapaChasis, ChapaAcoplado, idTransportista) VALUES (NULL, 'ISA802', 'OZP039', 60);
INSERT INTO Camion (Chofer, ChapaChasis, ChapaAcoplado, idTransportista) VALUES (NULL, 'AB192KB', 'AA448JE', 61);
INSERT INTO Camion (Chofer, ChapaChasis, ChapaAcoplado, idTransportista) VALUES (NULL, 'ERY451', 'DDO891', 62);
INSERT INTO Camion (Chofer, ChapaChasis, ChapaAcoplado, idTransportista) VALUES (NULL, 'KWP260', '', 63);
INSERT INTO Camion (Chofer, ChapaChasis, ChapaAcoplado, idTransportista) VALUES (NULL, 'CJU425', 'UTG872', 64);
INSERT INTO Camion (Chofer, ChapaChasis, ChapaAcoplado, idTransportista) VALUES (NULL, 'ODH523', '', 65);
INSERT INTO Camion (Chofer, ChapaChasis, ChapaAcoplado, idTransportista) VALUES (NULL, 'BUC106', 'AB519HG', 66);
INSERT INTO Camion (Chofer, ChapaChasis, ChapaAcoplado, idTransportista) VALUES (NULL, 'MSC536', 'WNM370', 66);
INSERT INTO Camion (Chofer, ChapaChasis, ChapaAcoplado, idTransportista) VALUES (NULL, 'NMG830', '', 67);
INSERT INTO Camion (Chofer, ChapaChasis, ChapaAcoplado, idTransportista) VALUES (NULL, 'CDX893', 'SGH893', 68);
INSERT INTO Camion (Chofer, ChapaChasis, ChapaAcoplado, idTransportista) VALUES (NULL, 'NIL348', 'EEC735', 69);
INSERT INTO Camion (Chofer, ChapaChasis, ChapaAcoplado, idTransportista) VALUES (NULL, 'AC107WP', 'XMI859', 70);
INSERT INTO Camion (Chofer, ChapaChasis, ChapaAcoplado, idTransportista) VALUES (NULL, 'EIS790', 'IHB574', 71);
INSERT INTO Camion (Chofer, ChapaChasis, ChapaAcoplado, idTransportista) VALUES (NULL, 'CDX893', 'RPC285', 72);
INSERT INTO Camion (Chofer, ChapaChasis, ChapaAcoplado, idTransportista) VALUES (NULL, 'SCV104', 'ELM514', 72);
INSERT INTO Camion (Chofer, ChapaChasis, ChapaAcoplado, idTransportista) VALUES (NULL, 'AB578TP', 'KTV579', 73);
INSERT INTO Camion (Chofer, ChapaChasis, ChapaAcoplado, idTransportista) VALUES (NULL, 'FRV183', 'WKE930', 74);
INSERT INTO Camion (Chofer, ChapaChasis, ChapaAcoplado, idTransportista) VALUES (NULL, 'OSU011', 'GPT699', 75);
INSERT INTO Camion (Chofer, ChapaChasis, ChapaAcoplado, idTransportista) VALUES (NULL, 'JIE086', '101JIE086', 76);
INSERT INTO Camion (Chofer, ChapaChasis, ChapaAcoplado, idTransportista) VALUES (NULL, 'DJX201', 'TKG688', 77);
INSERT INTO Camion (Chofer, ChapaChasis, ChapaAcoplado, idTransportista) VALUES (NULL, 'DJX201', 'TKC608', 77);
INSERT INTO Camion (Chofer, ChapaChasis, ChapaAcoplado, idTransportista) VALUES (NULL, 'AD775JM', 'PCO994', 78);
INSERT INTO Camion (Chofer, ChapaChasis, ChapaAcoplado, idTransportista) VALUES (NULL, 'AC020A0', 'WUZ828', 79);
INSERT INTO Camion (Chofer, ChapaChasis, ChapaAcoplado, idTransportista) VALUES (NULL, 'MKR380', 'ALN887', 80);
INSERT INTO Camion (Chofer, ChapaChasis, ChapaAcoplado, idTransportista) VALUES (NULL, 'AB032FE', 'FTS992', 81);
INSERT INTO Camion (Chofer, ChapaChasis, ChapaAcoplado, idTransportista) VALUES (NULL, 'AA168JZ', 'AB290TJ', 82);
INSERT INTO Camion (Chofer, ChapaChasis, ChapaAcoplado, idTransportista) VALUES (NULL, 'GRQ178', 'LAU093', 82);
INSERT INTO Camion (Chofer, ChapaChasis, ChapaAcoplado, idTransportista) VALUES (NULL, 'HMJ990', 'MWG072', 82);
INSERT INTO Camion (Chofer, ChapaChasis, ChapaAcoplado, idTransportista) VALUES (NULL, 'HSJ472', 'OYI921', 82);
INSERT INTO Camion (Chofer, ChapaChasis, ChapaAcoplado, idTransportista) VALUES (NULL, 'IJV304', 'IDN394', 82);
INSERT INTO Camion (Chofer, ChapaChasis, ChapaAcoplado, idTransportista) VALUES (NULL, 'IJV304', 'KNF939', 82);
INSERT INTO Camion (Chofer, ChapaChasis, ChapaAcoplado, idTransportista) VALUES (NULL, 'JIQ868', 'JIK879', 82);
INSERT INTO Camion (Chofer, ChapaChasis, ChapaAcoplado, idTransportista) VALUES (NULL, 'JIQ868', 'JEC256', 82);
INSERT INTO Camion (Chofer, ChapaChasis, ChapaAcoplado, idTransportista) VALUES (NULL, 'JIQ868', 'OYI921', 82);
INSERT INTO Camion (Chofer, ChapaChasis, ChapaAcoplado, idTransportista) VALUES (NULL, 'KSC383', 'MWG072', 82);
INSERT INTO Camion (Chofer, ChapaChasis, ChapaAcoplado, idTransportista) VALUES (NULL, 'JYH967', 'ERO971', 83);
INSERT INTO Camion (Chofer, ChapaChasis, ChapaAcoplado, idTransportista) VALUES (NULL, 'NDK097', 'FUS466', 84);
INSERT INTO Camion (Chofer, ChapaChasis, ChapaAcoplado, idTransportista) VALUES (NULL, 'AD102VZ', 'AD559RT', 84);
INSERT INTO Camion (Chofer, ChapaChasis, ChapaAcoplado, idTransportista) VALUES (NULL, 'AB345BJ', '', 85);
INSERT INTO Camion (Chofer, ChapaChasis, ChapaAcoplado, idTransportista) VALUES (NULL, 'LIK065', 'IMN010', 86);
INSERT INTO Camion (Chofer, ChapaChasis, ChapaAcoplado, idTransportista) VALUES (NULL, 'NXS921', 'FUN492', 86);
INSERT INTO Camion (Chofer, ChapaChasis, ChapaAcoplado, idTransportista) VALUES (NULL, 'OIQ928', 'SVT711', 86);
INSERT INTO Camion (Chofer, ChapaChasis, ChapaAcoplado, idTransportista) VALUES (NULL, 'OZV669', 'AB357NP', 87);
INSERT INTO Camion (Chofer, ChapaChasis, ChapaAcoplado, idTransportista) VALUES (NULL, 'LZA394', 'DXY585', 88);
INSERT INTO Camion (Chofer, ChapaChasis, ChapaAcoplado, idTransportista) VALUES (NULL, 'MYM880', 'EHU631', 89);
INSERT INTO Camion (Chofer, ChapaChasis, ChapaAcoplado, idTransportista) VALUES (NULL, 'AB967VH', 'EAX445', 90);
INSERT INTO Camion (Chofer, ChapaChasis, ChapaAcoplado, idTransportista) VALUES (NULL, 'MYM880', 'EHU631', 90);
INSERT INTO Camion (Chofer, ChapaChasis, ChapaAcoplado, idTransportista) VALUES (NULL, 'LXM174', 'AC227BR', 91);
INSERT INTO Camion (Chofer, ChapaChasis, ChapaAcoplado, idTransportista) VALUES (NULL, 'AC395EX', 'FIT130', 92);
INSERT INTO Camion (Chofer, ChapaChasis, ChapaAcoplado, idTransportista) VALUES (NULL, 'AA116XP', 'UTZ676', 93);
INSERT INTO Camion (Chofer, ChapaChasis, ChapaAcoplado, idTransportista) VALUES (NULL, 'MUT050', 'GSG344', 94);
INSERT INTO Camion (Chofer, ChapaChasis, ChapaAcoplado, idTransportista) VALUES (NULL, 'MNG675', '101MNG675', 94);
INSERT INTO Camion (Chofer, ChapaChasis, ChapaAcoplado, idTransportista) VALUES (NULL, 'UFJ314', 'DYO409', 95);
INSERT INTO Camion (Chofer, ChapaChasis, ChapaAcoplado, idTransportista) VALUES (NULL, 'MAZ149', 'AA673JW', 96);
INSERT INTO Camion (Chofer, ChapaChasis, ChapaAcoplado, idTransportista) VALUES (NULL, 'HKG753', 'UUF180', 97);
INSERT INTO Camion (Chofer, ChapaChasis, ChapaAcoplado, idTransportista) VALUES (NULL, 'OUS561', '', 98);
INSERT INTO Camion (Chofer, ChapaChasis, ChapaAcoplado, idTransportista) VALUES (NULL, 'AB645HA', 'TOK166', 99);
INSERT INTO Camion (Chofer, ChapaChasis, ChapaAcoplado, idTransportista) VALUES (NULL, 'CGZ057', 'RII778', 99);
INSERT INTO Camion (Chofer, ChapaChasis, ChapaAcoplado, idTransportista) VALUES (NULL, 'FDG269', 'TOK166', 99);
INSERT INTO Camion (Chofer, ChapaChasis, ChapaAcoplado, idTransportista) VALUES (NULL, 'FJG597', 'TMI317', 99);
INSERT INTO Camion (Chofer, ChapaChasis, ChapaAcoplado, idTransportista) VALUES (NULL, 'WJT669', 'RII778', 99);
INSERT INTO Camion (Chofer, ChapaChasis, ChapaAcoplado, idTransportista) VALUES (NULL, 'FLF835', 'XEO615', 100);
INSERT INTO Camion (Chofer, ChapaChasis, ChapaAcoplado, idTransportista) VALUES (NULL, 'DTF909', '', 101);
INSERT INTO Camion (Chofer, ChapaChasis, ChapaAcoplado, idTransportista) VALUES (NULL, 'HUS806', 'BAS450', 102);
INSERT INTO Camion (Chofer, ChapaChasis, ChapaAcoplado, idTransportista) VALUES (NULL, 'AB712TA', '', 103);
INSERT INTO Camion (Chofer, ChapaChasis, ChapaAcoplado, idTransportista) VALUES (NULL, 'FRR766', 'GOA945', 104);
INSERT INTO Camion (Chofer, ChapaChasis, ChapaAcoplado, idTransportista) VALUES (NULL, 'FRR766', 'ICP256', 104);
INSERT INTO Camion (Chofer, ChapaChasis, ChapaAcoplado, idTransportista) VALUES (NULL, 'AA326HM', 'ITG864', 105);
INSERT INTO Camion (Chofer, ChapaChasis, ChapaAcoplado, idTransportista) VALUES (NULL, 'NYY393', 'AB120JL', 105);
INSERT INTO Camion (Chofer, ChapaChasis, ChapaAcoplado, idTransportista) VALUES (NULL, 'OGC677', 'OFX890', 105);
INSERT INTO Camion (Chofer, ChapaChasis, ChapaAcoplado, idTransportista) VALUES (NULL, 'OVS346', 'GGF617', 105);
INSERT INTO Camion (Chofer, ChapaChasis, ChapaAcoplado, idTransportista) VALUES (NULL, 'AB010ME', 'AB192TF', 106);
INSERT INTO Camion (Chofer, ChapaChasis, ChapaAcoplado, idTransportista) VALUES (NULL, 'AB364FP', 'AB522', 106);
INSERT INTO Camion (Chofer, ChapaChasis, ChapaAcoplado, idTransportista) VALUES (NULL, 'AB535HL', 'KKN302', 106);
INSERT INTO Camion (Chofer, ChapaChasis, ChapaAcoplado, idTransportista) VALUES (NULL, 'BZX567', 'RDQ539', 106);
INSERT INTO Camion (Chofer, ChapaChasis, ChapaAcoplado, idTransportista) VALUES (NULL, 'GKF339', 'NWA551', 106);
INSERT INTO Camion (Chofer, ChapaChasis, ChapaAcoplado, idTransportista) VALUES (NULL, 'JDE274', 'GZT046', 106);
INSERT INTO Camion (Chofer, ChapaChasis, ChapaAcoplado, idTransportista) VALUES (NULL, 'RDV074', '', 107);
INSERT INTO Camion (Chofer, ChapaChasis, ChapaAcoplado, idTransportista) VALUES (NULL, 'WAQ436', 'WAQ435', 108);
INSERT INTO Camion (Chofer, ChapaChasis, ChapaAcoplado, idTransportista) VALUES (NULL, 'SCR776', 'UBF982', 109);
INSERT INTO Camion (Chofer, ChapaChasis, ChapaAcoplado, idTransportista) VALUES (NULL, 'AA732FB', 'AA732EJ', 110);
INSERT INTO Camion (Chofer, ChapaChasis, ChapaAcoplado, idTransportista) VALUES (NULL, 'AB532SV', 'AB751ZH', 110);
INSERT INTO Camion (Chofer, ChapaChasis, ChapaAcoplado, idTransportista) VALUES (NULL, 'ONA836', 'PGP942', 110);
INSERT INTO Camion (Chofer, ChapaChasis, ChapaAcoplado, idTransportista) VALUES (NULL, 'PLF431', 'MWD652', 110);
INSERT INTO Camion (Chofer, ChapaChasis, ChapaAcoplado, idTransportista) VALUES (NULL, 'UZI650', '', 111);
INSERT INTO Camion (Chofer, ChapaChasis, ChapaAcoplado, idTransportista) VALUES (NULL, 'TTA021', 'DFK353', 112);
INSERT INTO Camion (Chofer, ChapaChasis, ChapaAcoplado, idTransportista) VALUES (NULL, 'RFZ275', 'BGZ497', 112);
INSERT INTO Camion (Chofer, ChapaChasis, ChapaAcoplado, idTransportista) VALUES (NULL, 'CNR481', 'WTA578', 113);
INSERT INTO Camion (Chofer, ChapaChasis, ChapaAcoplado, idTransportista) VALUES (NULL, 'EMB463', 'VXD296', 114);
INSERT INTO Camion (Chofer, ChapaChasis, ChapaAcoplado, idTransportista) VALUES (NULL, 'OIN076', 'JXD296', 114);
INSERT INTO Camion (Chofer, ChapaChasis, ChapaAcoplado, idTransportista) VALUES (NULL, 'AA963KR', 'MGZ338', 115);
INSERT INTO Camion (Chofer, ChapaChasis, ChapaAcoplado, idTransportista) VALUES (NULL, 'AB247RN', 'OQX779', 115);
INSERT INTO Camion (Chofer, ChapaChasis, ChapaAcoplado, idTransportista) VALUES (NULL, 'AC491YL', 'NHL146', 115);
INSERT INTO Camion (Chofer, ChapaChasis, ChapaAcoplado, idTransportista) VALUES (NULL, 'AC491YL', 'AD129KG', 115);
INSERT INTO Camion (Chofer, ChapaChasis, ChapaAcoplado, idTransportista) VALUES (NULL, 'AC976JG', 'AD082SU', 115);
INSERT INTO Camion (Chofer, ChapaChasis, ChapaAcoplado, idTransportista) VALUES (NULL, 'MTN923', 'GSG340', 115);
INSERT INTO Camion (Chofer, ChapaChasis, ChapaAcoplado, idTransportista) VALUES (NULL, 'PHO754', 'OQX779', 115);
INSERT INTO Camion (Chofer, ChapaChasis, ChapaAcoplado, idTransportista) VALUES (NULL, 'SYG734', 'EEG815', 116);
INSERT INTO Camion (Chofer, ChapaChasis, ChapaAcoplado, idTransportista) VALUES (NULL, 'RFB086', 'GGE276', 117);
INSERT INTO Camion (Chofer, ChapaChasis, ChapaAcoplado, idTransportista) VALUES (NULL, 'LBU434', 'NXR666', 118);
INSERT INTO Camion (Chofer, ChapaChasis, ChapaAcoplado, idTransportista) VALUES (NULL, 'AB010ME', 'AD654IR', 119);
INSERT INTO Camion (Chofer, ChapaChasis, ChapaAcoplado, idTransportista) VALUES (NULL, 'AB183FH', 'IEF949', 119);
INSERT INTO Camion (Chofer, ChapaChasis, ChapaAcoplado, idTransportista) VALUES (NULL, 'CPH632', 'AA666XY', 119);
INSERT INTO Camion (Chofer, ChapaChasis, ChapaAcoplado, idTransportista) VALUES (NULL, 'ENL415', 'PQZ442', 119);
INSERT INTO Camion (Chofer, ChapaChasis, ChapaAcoplado, idTransportista) VALUES (NULL, 'HEU464', 'AD241WG', 119);
INSERT INTO Camion (Chofer, ChapaChasis, ChapaAcoplado, idTransportista) VALUES (NULL, 'LXM229', '', 119);
INSERT INTO Camion (Chofer, ChapaChasis, ChapaAcoplado, idTransportista) VALUES (NULL, 'PNQ727', 'AB351TU', 120);
INSERT INTO Camion (Chofer, ChapaChasis, ChapaAcoplado, idTransportista) VALUES (NULL, 'BZX567', 'RDQ539', 120);
INSERT INTO Camion (Chofer, ChapaChasis, ChapaAcoplado, idTransportista) VALUES (NULL, 'OZA098', 'KPG000', 120);
INSERT INTO Camion (Chofer, ChapaChasis, ChapaAcoplado, idTransportista) VALUES (NULL, 'LMX951', 'AD241WG', 120);
INSERT INTO Camion (Chofer, ChapaChasis, ChapaAcoplado, idTransportista) VALUES (NULL, 'AB655FI', 'AB688UC', 120);
INSERT INTO Camion (Chofer, ChapaChasis, ChapaAcoplado, idTransportista) VALUES (NULL, 'LXT013', 'CNK454', 120);
INSERT INTO Camion (Chofer, ChapaChasis, ChapaAcoplado, idTransportista) VALUES (NULL, 'AB857TG', 'MTL751', 121);
INSERT INTO Camion (Chofer, ChapaChasis, ChapaAcoplado, idTransportista) VALUES (NULL, 'AC461BO', 'AC275PX', 122);
INSERT INTO Camion (Chofer, ChapaChasis, ChapaAcoplado, idTransportista) VALUES (NULL, 'VEJ096', 'VFG803', 123);
INSERT INTO Camion (Chofer, ChapaChasis, ChapaAcoplado, idTransportista) VALUES (NULL, 'DIV471', 'WWW235', 124);
INSERT INTO Camion (Chofer, ChapaChasis, ChapaAcoplado, idTransportista) VALUES (NULL, 'AB296GA', 'JKJ935', 125);
INSERT INTO Camion (Chofer, ChapaChasis, ChapaAcoplado, idTransportista) VALUES (NULL, 'DUC951', '', 126);
INSERT INTO Camion (Chofer, ChapaChasis, ChapaAcoplado, idTransportista) VALUES (NULL, 'EYD707', 'AMQ117', 127);
INSERT INTO Camion (Chofer, ChapaChasis, ChapaAcoplado, idTransportista) VALUES (NULL, 'LCW185', 'UYB620', 127);
INSERT INTO Camion (Chofer, ChapaChasis, ChapaAcoplado, idTransportista) VALUES (NULL, 'FKL565', 'UXH461', 128);
INSERT INTO Camion (Chofer, ChapaChasis, ChapaAcoplado, idTransportista) VALUES (NULL, 'FXL565', 'UXH461', 128);
INSERT INTO Camion (Chofer, ChapaChasis, ChapaAcoplado, idTransportista) VALUES (NULL, 'JXX182', 'PDS931', 128);
INSERT INTO Camion (Chofer, ChapaChasis, ChapaAcoplado, idTransportista) VALUES (NULL, 'CJD016', 'VHD077', 129);
INSERT INTO Camion (Chofer, ChapaChasis, ChapaAcoplado, idTransportista) VALUES (NULL, 'FXL461', 'UXH461', 130);
INSERT INTO Camion (Chofer, ChapaChasis, ChapaAcoplado, idTransportista) VALUES (NULL, 'MXI154', 'NWG219', 130);
INSERT INTO Camion (Chofer, ChapaChasis, ChapaAcoplado, idTransportista) VALUES (NULL, 'VYN931', 'RKN526', 130);
INSERT INTO Camion (Chofer, ChapaChasis, ChapaAcoplado, idTransportista) VALUES (NULL, 'MOK972', 'FCP755', 130);
INSERT INTO Camion (Chofer, ChapaChasis, ChapaAcoplado, idTransportista) VALUES (NULL, 'AA824GU', '', 131);
INSERT INTO Camion (Chofer, ChapaChasis, ChapaAcoplado, idTransportista) VALUES (NULL, 'WMM956', 'WMM955', 132);
INSERT INTO Camion (Chofer, ChapaChasis, ChapaAcoplado, idTransportista) VALUES (NULL, 'DPW954', 'RDU498', 133);
INSERT INTO Camion (Chofer, ChapaChasis, ChapaAcoplado, idTransportista) VALUES (NULL, 'OGL104', 'HQV007', 134);
INSERT INTO Camion (Chofer, ChapaChasis, ChapaAcoplado, idTransportista) VALUES (NULL, 'JFT997', 'ITA785', 134);
INSERT INTO Camion (Chofer, ChapaChasis, ChapaAcoplado, idTransportista) VALUES (NULL, 'IFC815', '', 135);
INSERT INTO Camion (Chofer, ChapaChasis, ChapaAcoplado, idTransportista) VALUES (NULL, 'FRM478', 'LGV957', 136);
INSERT INTO Camion (Chofer, ChapaChasis, ChapaAcoplado, idTransportista) VALUES (NULL, 'EYY241', '', 137);
INSERT INTO Camion (Chofer, ChapaChasis, ChapaAcoplado, idTransportista) VALUES (NULL, 'GKS339', 'NWA551', 138);
INSERT INTO Camion (Chofer, ChapaChasis, ChapaAcoplado, idTransportista) VALUES (NULL, 'NTT684', 'AA030PI', 138);
INSERT INTO Camion (Chofer, ChapaChasis, ChapaAcoplado, idTransportista) VALUES (NULL, 'OON045', 'NZS918', 138);
INSERT INTO Camion (Chofer, ChapaChasis, ChapaAcoplado, idTransportista) VALUES (NULL, 'ERM580', '', 139);
INSERT INTO Camion (Chofer, ChapaChasis, ChapaAcoplado, idTransportista) VALUES (NULL, 'ERM550', '', 140);
INSERT INTO Camion (Chofer, ChapaChasis, ChapaAcoplado, idTransportista) VALUES (NULL, 'OEJ711', 'NHT331', 141);
INSERT INTO Camion (Chofer, ChapaChasis, ChapaAcoplado, idTransportista) VALUES (NULL, 'OEJ711', 'FHQ949', 141);
INSERT INTO Camion (Chofer, ChapaChasis, ChapaAcoplado, idTransportista) VALUES (NULL, 'UHO703', 'UIZ353', 142);
INSERT INTO Camion (Chofer, ChapaChasis, ChapaAcoplado, idTransportista) VALUES (NULL, 'LZA370', 'UFX699', 143);
INSERT INTO Camion (Chofer, ChapaChasis, ChapaAcoplado, idTransportista) VALUES (NULL, 'IDL050', 'KKO102', 144);
INSERT INTO Camion (Chofer, ChapaChasis, ChapaAcoplado, idTransportista) VALUES (NULL, 'DHK877', 'BQZ045', 145);
INSERT INTO Camion (Chofer, ChapaChasis, ChapaAcoplado, idTransportista) VALUES (NULL, 'HQF560', 'VVQ327', 146);
INSERT INTO Camion (Chofer, ChapaChasis, ChapaAcoplado, idTransportista) VALUES (NULL, 'AA425XL', 'AKZ961', 147);
INSERT INTO Camion (Chofer, ChapaChasis, ChapaAcoplado, idTransportista) VALUES (NULL, 'AA425WW', 'FWS237', 147);
INSERT INTO Camion (Chofer, ChapaChasis, ChapaAcoplado, idTransportista) VALUES (NULL, 'JNP469', 'IRY660', 148);
INSERT INTO Camion (Chofer, ChapaChasis, ChapaAcoplado, idTransportista) VALUES (NULL, 'ERU786', 'PDS938', 149);
INSERT INTO Camion (Chofer, ChapaChasis, ChapaAcoplado, idTransportista) VALUES (NULL, 'AB181MZ', 'AA952GE', 150);
INSERT INTO Camion (Chofer, ChapaChasis, ChapaAcoplado, idTransportista) VALUES (NULL, 'AB535HL', 'GPK436', 150);
INSERT INTO Camion (Chofer, ChapaChasis, ChapaAcoplado, idTransportista) VALUES (NULL, 'JUN802', '', 151);
INSERT INTO Camion (Chofer, ChapaChasis, ChapaAcoplado, idTransportista) VALUES (NULL, 'HQF317', 'SNA350', 152);
INSERT INTO Camion (Chofer, ChapaChasis, ChapaAcoplado, idTransportista) VALUES (NULL, 'TOI784', 'WTP376', 153);
INSERT INTO Camion (Chofer, ChapaChasis, ChapaAcoplado, idTransportista) VALUES (NULL, 'SSN243', '', 154);
INSERT INTO Camion (Chofer, ChapaChasis, ChapaAcoplado, idTransportista) VALUES (NULL, 'FVO312', 'FZY689', 155);
INSERT INTO Camion (Chofer, ChapaChasis, ChapaAcoplado, idTransportista) VALUES (NULL, 'IEN685', 'JUD591', 156);
INSERT INTO Camion (Chofer, ChapaChasis, ChapaAcoplado, idTransportista) VALUES (NULL, 'IBC489', 'EVU893', 157);
INSERT INTO Camion (Chofer, ChapaChasis, ChapaAcoplado, idTransportista) VALUES (NULL, 'HNG913', 'JGD579', 158);
INSERT INTO Camion (Chofer, ChapaChasis, ChapaAcoplado, idTransportista) VALUES (NULL, 'LVP322', 'JGD579', 158);
INSERT INTO Camion (Chofer, ChapaChasis, ChapaAcoplado, idTransportista) VALUES (NULL, 'MOK944', 'JGD579', 158);
INSERT INTO Camion (Chofer, ChapaChasis, ChapaAcoplado, idTransportista) VALUES (NULL, 'MOK944', 'LMM248', 158);
INSERT INTO Camion (Chofer, ChapaChasis, ChapaAcoplado, idTransportista) VALUES (NULL, 'NIE451', 'NRM155', 158);
INSERT INTO Camion (Chofer, ChapaChasis, ChapaAcoplado, idTransportista) VALUES (NULL, 'OZJ906', 'LMM248', 158);
INSERT INTO Camion (Chofer, ChapaChasis, ChapaAcoplado, idTransportista) VALUES (NULL, 'LVP322', 'JGD579', 158);
INSERT INTO Camion (Chofer, ChapaChasis, ChapaAcoplado, idTransportista) VALUES (NULL, 'MOK944', 'NVY572', 158);
INSERT INTO Camion (Chofer, ChapaChasis, ChapaAcoplado, idTransportista) VALUES (NULL, 'FVB856', 'RZS685', 159);
INSERT INTO Camion (Chofer, ChapaChasis, ChapaAcoplado, idTransportista) VALUES (NULL, 'FVB855', 'FOU114', 159);
INSERT INTO Camion (Chofer, ChapaChasis, ChapaAcoplado, idTransportista) VALUES (NULL, 'FLV644', 'RZS685', 159);
INSERT INTO Camion (Chofer, ChapaChasis, ChapaAcoplado, idTransportista) VALUES (NULL, 'FAT716', 'IDK980', 160);
INSERT INTO Camion (Chofer, ChapaChasis, ChapaAcoplado, idTransportista) VALUES (NULL, 'AA334ZV', 'IDK980', 160);
INSERT INTO Camion (Chofer, ChapaChasis, ChapaAcoplado, idTransportista) VALUES (NULL, 'OEH933', 'WTV587', 161);
INSERT INTO Camion (Chofer, ChapaChasis, ChapaAcoplado, idTransportista) VALUES (NULL, 'ELQ134', 'EDY143', 162);
INSERT INTO Camion (Chofer, ChapaChasis, ChapaAcoplado, idTransportista) VALUES (NULL, 'FWZ296', 'NHL146', 162);
INSERT INTO Camion (Chofer, ChapaChasis, ChapaAcoplado, idTransportista) VALUES (NULL, 'APB813', '', 163);
INSERT INTO Camion (Chofer, ChapaChasis, ChapaAcoplado, idTransportista) VALUES (NULL, 'AC400JI', 'NYB500', 164);
INSERT INTO Camion (Chofer, ChapaChasis, ChapaAcoplado, idTransportista) VALUES (NULL, 'MYM931', 'VPR697', 164);
INSERT INTO Camion (Chofer, ChapaChasis, ChapaAcoplado, idTransportista) VALUES (NULL, 'AD129KV', 'AD277NP', 164);
INSERT INTO Camion (Chofer, ChapaChasis, ChapaAcoplado, idTransportista) VALUES (NULL, 'IVO731', 'IBC446', 164);
INSERT INTO Camion (Chofer, ChapaChasis, ChapaAcoplado, idTransportista) VALUES (NULL, 'AB601UX', 'CTW581', 165);
INSERT INTO Camion (Chofer, ChapaChasis, ChapaAcoplado, idTransportista) VALUES (NULL, 'AB773GN', 'UCG561', 166);
INSERT INTO Camion (Chofer, ChapaChasis, ChapaAcoplado, idTransportista) VALUES (NULL, 'AB773GN', 'WQS080', 166);
INSERT INTO Camion (Chofer, ChapaChasis, ChapaAcoplado, idTransportista) VALUES (NULL, 'WTE359', 'WWE606', 167);
INSERT INTO Camion (Chofer, ChapaChasis, ChapaAcoplado, idTransportista) VALUES (NULL, 'AC830QQ', 'RGX187', 168);
INSERT INTO Camion (Chofer, ChapaChasis, ChapaAcoplado, idTransportista) VALUES (NULL, 'CHN159', 'RGX187', 168);
INSERT INTO Camion (Chofer, ChapaChasis, ChapaAcoplado, idTransportista) VALUES (NULL, 'CHN159', 'PPM146', 168);
INSERT INTO Camion (Chofer, ChapaChasis, ChapaAcoplado, idTransportista) VALUES (NULL, 'LDZ153', 'ITV482', 169);
INSERT INTO Camion (Chofer, ChapaChasis, ChapaAcoplado, idTransportista) VALUES (NULL, 'EYS878', 'ULB657', 170);
INSERT INTO Camion (Chofer, ChapaChasis, ChapaAcoplado, idTransportista) VALUES (NULL, 'FPD637', 'WBE778', 170);
INSERT INTO Camion (Chofer, ChapaChasis, ChapaAcoplado, idTransportista) VALUES (NULL, 'ELU935', 'EKU732', 171);
INSERT INTO Camion (Chofer, ChapaChasis, ChapaAcoplado, idTransportista) VALUES (NULL, 'BUC106', 'AB519HG', 171);
INSERT INTO Camion (Chofer, ChapaChasis, ChapaAcoplado, idTransportista) VALUES (NULL, 'LSF677', 'KFJ741', 171);
INSERT INTO Camion (Chofer, ChapaChasis, ChapaAcoplado, idTransportista) VALUES (NULL, 'AB036IH', 'NTJ647', 172);
INSERT INTO Camion (Chofer, ChapaChasis, ChapaAcoplado, idTransportista) VALUES (NULL, 'GIK696', 'EZM699', 173);
INSERT INTO Camion (Chofer, ChapaChasis, ChapaAcoplado, idTransportista) VALUES (NULL, 'HZZ775', 'VPV446', 173);
INSERT INTO Camion (Chofer, ChapaChasis, ChapaAcoplado, idTransportista) VALUES (NULL, 'LZC986', 'OJB809', 173);
INSERT INTO Camion (Chofer, ChapaChasis, ChapaAcoplado, idTransportista) VALUES (NULL, 'JTJ321', 'AC320FF', 174);
INSERT INTO Camion (Chofer, ChapaChasis, ChapaAcoplado, idTransportista) VALUES (NULL, 'AA304XR', 'IKV596', 175);
INSERT INTO Camion (Chofer, ChapaChasis, ChapaAcoplado, idTransportista) VALUES (NULL, 'AA304XR', 'TMW572', 175);
INSERT INTO Camion (Chofer, ChapaChasis, ChapaAcoplado, idTransportista) VALUES (NULL, 'AB341WG', 'RWD500', 175);
INSERT INTO Camion (Chofer, ChapaChasis, ChapaAcoplado, idTransportista) VALUES (NULL, 'AC793SO', 'FCG904', 175);
INSERT INTO Camion (Chofer, ChapaChasis, ChapaAcoplado, idTransportista) VALUES (NULL, 'MBF674', 'FCG904', 175);
INSERT INTO Camion (Chofer, ChapaChasis, ChapaAcoplado, idTransportista) VALUES (NULL, 'MBF674', 'EJF355', 175);
INSERT INTO Camion (Chofer, ChapaChasis, ChapaAcoplado, idTransportista) VALUES (NULL, 'PEK103', 'IGQ011', 175);
INSERT INTO Camion (Chofer, ChapaChasis, ChapaAcoplado, idTransportista) VALUES (NULL, 'LSF442', '', 176);
INSERT INTO Camion (Chofer, ChapaChasis, ChapaAcoplado, idTransportista) VALUES (NULL, 'AD145HT', 'ENZ425', 176);
INSERT INTO Camion (Chofer, ChapaChasis, ChapaAcoplado, idTransportista) VALUES (NULL, 'GDP695', '', 176);
INSERT INTO Camion (Chofer, ChapaChasis, ChapaAcoplado, idTransportista) VALUES (NULL, 'MZG354', 'ARP638', 177);
INSERT INTO Camion (Chofer, ChapaChasis, ChapaAcoplado, idTransportista) VALUES (NULL, 'DFI609', 'RTY985', 178);
INSERT INTO Camion (Chofer, ChapaChasis, ChapaAcoplado, idTransportista) VALUES (NULL, 'DFI609', 'RTY985', 178);
INSERT INTO Camion (Chofer, ChapaChasis, ChapaAcoplado, idTransportista) VALUES (NULL, 'JCK242', 'GEB253', 178);
INSERT INTO Camion (Chofer, ChapaChasis, ChapaAcoplado, idTransportista) VALUES (NULL, 'AB535HL', 'GPK436', 179);
INSERT INTO Camion (Chofer, ChapaChasis, ChapaAcoplado, idTransportista) VALUES (NULL, 'AC020BF', 'AC769TQ', 180);
INSERT INTO Camion (Chofer, ChapaChasis, ChapaAcoplado, idTransportista) VALUES (NULL, 'DQK661', 'TZD863', 181);
INSERT INTO Camion (Chofer, ChapaChasis, ChapaAcoplado, idTransportista) VALUES (NULL, 'AB414DM', 'WVQ864', 182);
INSERT INTO Camion (Chofer, ChapaChasis, ChapaAcoplado, idTransportista) VALUES (NULL, 'OUG357', 'TUZ496', 182);
INSERT INTO Camion (Chofer, ChapaChasis, ChapaAcoplado, idTransportista) VALUES (NULL, 'FIT384', 'WVH186', 182);
INSERT INTO Camion (Chofer, ChapaChasis, ChapaAcoplado, idTransportista) VALUES (NULL, 'FTY827', 'DGY789', 182);
INSERT INTO Camion (Chofer, ChapaChasis, ChapaAcoplado, idTransportista) VALUES (NULL, 'JIQ868', 'JEC256', 183);
INSERT INTO Camion (Chofer, ChapaChasis, ChapaAcoplado, idTransportista) VALUES (NULL, 'EFG020', 'MVW401', 184);
INSERT INTO Camion (Chofer, ChapaChasis, ChapaAcoplado, idTransportista) VALUES (NULL, 'HRG070', 'DVC395', 184);
INSERT INTO Camion (Chofer, ChapaChasis, ChapaAcoplado, idTransportista) VALUES (NULL, 'UKN027', 'AYV909', 184);
INSERT INTO Camion (Chofer, ChapaChasis, ChapaAcoplado, idTransportista) VALUES (NULL, 'NDT823', 'AD550KL', 184);
INSERT INTO Camion (Chofer, ChapaChasis, ChapaAcoplado, idTransportista) VALUES (NULL, 'MMK326', 'LWZ118', 185);
INSERT INTO Camion (Chofer, ChapaChasis, ChapaAcoplado, idTransportista) VALUES (NULL, 'EWD578', 'NFY613', 186);
INSERT INTO Camion (Chofer, ChapaChasis, ChapaAcoplado, idTransportista) VALUES (NULL, 'OGY015', 'UCX052', 187);
INSERT INTO Camion (Chofer, ChapaChasis, ChapaAcoplado, idTransportista) VALUES (NULL, 'AB187PX', 'GDW090', 188);
INSERT INTO Camion (Chofer, ChapaChasis, ChapaAcoplado, idTransportista) VALUES (NULL, 'HYI482', '101HYI482', 189);
INSERT INTO Camion (Chofer, ChapaChasis, ChapaAcoplado, idTransportista) VALUES (NULL, 'AB730EC', 'FWO012', 190);
INSERT INTO Camion (Chofer, ChapaChasis, ChapaAcoplado, idTransportista) VALUES (NULL, 'IDZ153', 'ITV482', 190);
INSERT INTO Camion (Chofer, ChapaChasis, ChapaAcoplado, idTransportista) VALUES (NULL, 'PMZ939', 'PCK581', 190);
INSERT INTO Camion (Chofer, ChapaChasis, ChapaAcoplado, idTransportista) VALUES (NULL, 'AC573FR', 'EYP677', 191);
INSERT INTO Camion (Chofer, ChapaChasis, ChapaAcoplado, idTransportista) VALUES (NULL, 'PCO944', 'AD775JM', 191);
INSERT INTO Camion (Chofer, ChapaChasis, ChapaAcoplado, idTransportista) VALUES (NULL, 'AA049GF', 'NHT331', 191);
INSERT INTO Camion (Chofer, ChapaChasis, ChapaAcoplado, idTransportista) VALUES (NULL, 'GHH867', 'SWR410', 191);
INSERT INTO Camion (Chofer, ChapaChasis, ChapaAcoplado, idTransportista) VALUES (NULL, 'EJD322', '101EJD322', 191);
INSERT INTO Camion (Chofer, ChapaChasis, ChapaAcoplado, idTransportista) VALUES (NULL, 'VYN931', 'RKN526', 191);
INSERT INTO Camion (Chofer, ChapaChasis, ChapaAcoplado, idTransportista) VALUES (NULL, 'HNB953', 'REF249', 192);
INSERT INTO Camion (Chofer, ChapaChasis, ChapaAcoplado, idTransportista) VALUES (NULL, 'CEY720', 'JXP798', 192);
INSERT INTO Camion (Chofer, ChapaChasis, ChapaAcoplado, idTransportista) VALUES (NULL, 'XEL964', 'UAD823', 192);
INSERT INTO Camion (Chofer, ChapaChasis, ChapaAcoplado, idTransportista) VALUES (NULL, 'AC808AJ', 'AD279FR', 193);
INSERT INTO Camion (Chofer, ChapaChasis, ChapaAcoplado, idTransportista) VALUES (NULL, 'AC951FY', 'AA666YX', 193);
INSERT INTO Camion (Chofer, ChapaChasis, ChapaAcoplado, idTransportista) VALUES (NULL, 'AD982EO', 'AE003IL', 194);
INSERT INTO Camion (Chofer, ChapaChasis, ChapaAcoplado, idTransportista) VALUES (NULL, 'KOT963', 'AA699MD', 195);
INSERT INTO Camion (Chofer, ChapaChasis, ChapaAcoplado, idTransportista) VALUES (NULL, 'FBS544', 'FBS635', 195);
INSERT INTO Camion (Chofer, ChapaChasis, ChapaAcoplado, idTransportista) VALUES (NULL, 'AA602AN', 'HPY522', 196);
INSERT INTO Camion (Chofer, ChapaChasis, ChapaAcoplado, idTransportista) VALUES (NULL, 'ACR212', 'ENU844', 197);
INSERT INTO Camion (Chofer, ChapaChasis, ChapaAcoplado, idTransportista) VALUES (NULL, 'AB514NR', 'PHO777', 197);
INSERT INTO Camion (Chofer, ChapaChasis, ChapaAcoplado, idTransportista) VALUES (NULL, 'MZW188', 'PGZ466', 197);
INSERT INTO Camion (Chofer, ChapaChasis, ChapaAcoplado, idTransportista) VALUES (NULL, 'DDY225', 'OUA945', 198);
INSERT INTO Camion (Chofer, ChapaChasis, ChapaAcoplado, idTransportista) VALUES (NULL, 'NUT847', 'AC387XN', 198);
INSERT INTO Camion (Chofer, ChapaChasis, ChapaAcoplado, idTransportista) VALUES (NULL, 'AA168JZ', 'AA168JY', 198);
INSERT INTO Camion (Chofer, ChapaChasis, ChapaAcoplado, idTransportista) VALUES (NULL, 'MMS076', 'HGH465', 199);
INSERT INTO Camion (Chofer, ChapaChasis, ChapaAcoplado, idTransportista) VALUES (NULL, 'AB065ZR', 'OWK796', 6);
INSERT INTO Camion (Chofer, ChapaChasis, ChapaAcoplado, idTransportista) VALUES (NULL, 'DJK201', 'TMI317', 77);
INSERT INTO Camion (Chofer, ChapaChasis, ChapaAcoplado, idTransportista) VALUES (NULL, 'GRQ178', 'LA093', 82);
INSERT INTO Camion (Chofer, ChapaChasis, ChapaAcoplado, idTransportista) VALUES (NULL, 'JIQ868', 'JIQ879', 82);
INSERT INTO Camion (Chofer, ChapaChasis, ChapaAcoplado, idTransportista) VALUES (NULL, 'JIQ868', 'JEC256', 82);
INSERT INTO Camion (Chofer, ChapaChasis, ChapaAcoplado, idTransportista) VALUES (NULL, 'CGZ057', 'TMI317', 99);
INSERT INTO Camion (Chofer, ChapaChasis, ChapaAcoplado, idTransportista) VALUES (NULL, 'OJX201', 'TMI317', 99);